time_period,time_identifier,geographic_level,country_code,country_name,region_code,region_name,old_la_code,new_la_code,la_name,Age,Cohort_DJFavg,NEET_not_known_percent,NEET_percent,Notknown_percent,annual_change_ppts_NEET_not_known,annualchange_NEET,annualchange_notknown,cohort_March,TOTAL_participating_in_education_and_training_percent,Full_time_education_percent,Apprenticeship_percent,Other_education_and_training_percent,annual_change_Participation_in_education_training,annual_change_FTE,annual_change_apprenticeship,annual_change_other_education_training,September_guarantee_Offer_made_percent,September_guarantee_annual_change_ppts,cohort_noSEN_percent,NEET_NK_noSEN_percent,cohort_EHCP_percent,NEET_NK_EHCP_percent,cohort_SENDsupport_percent,NEET_NK_SENDsupport_percent,VG_cohort_DJF_avg,VG_cohort_percentage,VG_NEET_NK_percentage,Level_3,L2_em_GCSE_othL2,avg_att8,pt_l2basics_94,sess_overall_percent,sess_overall_percent_pa_10_exact,Age1617_ONS_population,NEET_NK_quintile,NEET_quintile,Notknown_quintile,Participation_ET_quintile,Sep_guarantee_quintile,NEET_NK_NoSEN_quintile,NEET_NK_EHCP_quintile,NEET_NK_SENDsupport_quintile,VG_NEET_NK_percentage_quintile
2021,Calendar year,National,E92000001,England,,,,,,16-17,1181088,5.5,2.8,2.7,0,0.1,-0.1,1182881,93.2,87.4,3.8,2,0.6,2,-1.2,-0.2,94.3,-0.7,1,1,1,1,1,1,1,1,1,57.4,27.5,50.2,71.2,1,1,1252508,z,z,z,z,z,,,,
2021,Calendar year,Regional,E92000001,England,E12000004,East Midlands,,,,16-17,101477,6.2,2.7,3.5,-0.3,0,-0.3,101454,94.1,87.6,4,2.4,1.5,3.2,-1.6,-0.1,95.1,0.4,,,,,,,,,,53.9,27.8,49.1,69.9,,,106290,z,z,z,z,z,,,,
2021,Calendar year,Local authority,E92000001,England,E12000004,East Midlands,831,E06000015,Derby,16-17,5869,7.4,5.3,2.1,1.9,0.7,1.2,5859,90.6,80.6,5.1,5,0.3,3.7,-2.4,-1,92.1,-1.9,,,,,,,,,,46.3,29.5,46.3,63.2,,,6238,5,5,3,1,1,,,,
2021,Calendar year,Local authority,E92000001,England,E12000004,East Midlands,830,E10000007,Derbyshire,16-17,16065,3.3,1.9,1.4,-4,-0.9,-3.1,16039,95.5,87.6,5.1,2.8,0.9,3.3,-2,-0.4,93.7,2.6,,,,,,,,,,53.9,28.3,49.9,72.2,,,16965,1,2,2,4,2,,,,
2021,Calendar year,Local authority,E92000001,England,E12000004,East Midlands,856,E06000016,Leicester,16-17,9159,7.4,4.7,2.7,1.4,0.2,1.2,9154,91.5,86.3,1.7,3.6,-1.2,0.7,-1,-0.9,95.9,-1,,,,,,,,,,52.9,35.2,46.2,61.9,,,8268,5,5,4,1,3,,,,
2021,Calendar year,Local authority,E92000001,England,E12000004,East Midlands,855,E10000018,Leicestershire,16-17,13983,4.7,2.4,2.3,-3.6,0.4,-4,13993,94.6,90.2,3.4,1.1,2.6,4.9,-3,0.6,96.2,1.7,,,,,,,,,,58.6,33.6,50.1,73.1,,,15937,3,3,4,4,3,,,,
2021,Calendar year,Local authority,E92000001,England,E12000004,East Midlands,925,E10000019,Lincolnshire,16-17,15817,4.6,2.2,2.3,-0.3,-0.3,0.1,15788,94.9,87.2,3.8,3.8,1.8,2.9,-1.3,0.2,91.9,-2.2,,,,,,,,,,56,29.4,50.3,71.7,,,15617,3,2,4,4,1,,,,
2021,Calendar year,Local authority,E92000001,England,E12000004,East Midlands,892,E06000018,Nottingham,16-17,6740,6.3,5.5,0.8,0.5,0.8,-0.4,6742,92.2,86.6,2.4,3.3,-0.6,-0.8,-0.5,0.7,96.2,1.4,,,,,,,,,,42.5,21.8,45.3,61.7,,,6824,4,5,1,2,3,,,,
2021,Calendar year,Local authority,E92000001,England,E12000004,East Midlands,891,E10000024,Nottinghamshire,16-17,16852,13.8,1.7,12.1,3.8,-0.2,4,16882,94,87.8,4.9,1.4,4.4,4.4,0,0.1,95.4,1.2,,,,,,,,,,53.5,22.1,50.5,72.8,,,17670,5,1,5,4,3,,,,
2021,Calendar year,Local authority,E92000001,England,E12000004,East Midlands,857,E06000017,Rutland,16-17,605,1.9,0.8,1.1,-1.4,-0.7,-0.6,605,97,93.1,3.8,0.2,1.4,4.3,-2.6,-0.4,96,-2.4,,,,,,,,,,66,30.8,55.3,83.5,,,1094,1,1,2,5,3,,,,
2021,Calendar year,Local authority,E92000001,England,E12000004,East Midlands,928,E10000021,Northamptonshire,16-17,16388,3.4,2.1,1.3,-0.1,0.4,-0.5,16392,94.7,89.3,4.4,1,0.5,3.7,-2.6,-0.5,98.4,0.5,,,,,,,,,,53.7,24.3,48.5,69,,,17676,1,2,2,4,5,,,,
2021,Calendar year,Regional,E92000001,England,E12000006,East of England,,,,16-17,131719,4.3,3.1,1.2,0.3,0.3,0,131954,93,87.9,3.7,1.4,0.6,1.9,-1.4,0,95.2,0.1,,,,,,,,,,58.6,26.8,50.3,71.8,,,140057,z,z,z,z,z,,,,
2021,Calendar year,Local authority,E92000001,England,E12000006,East of England,822,E06000055,Bedford,16-17,3860,3.8,2.2,1.7,0.6,-0.1,0.7,3868,95.6,90.8,2.9,1.9,-0.2,2.8,-1.9,-1.1,96.9,1.1,,,,,,,,,,56.8,26.2,48.7,67.9,,,4226,2,2,3,5,4,,,,
2021,Calendar year,Local authority,E92000001,England,E12000006,East of England,873,E10000003,Cambridgeshire,16-17,12913,3.2,2.7,0.5,0.2,0.3,-0.1,12915,94.1,88.6,3,2.5,1.5,2.2,-1,0.2,96.3,0.9,,,,,,,,,,60,28.8,51.3,72.8,,,14350,1,3,1,4,3,,,,
2021,Calendar year,Local authority,E92000001,England,E12000006,East of England,823,E06000056,Central Bedfordshire,16-17,6044,4.8,3.7,1.1,0.7,0.9,-0.2,6048,92.3,87.2,4.5,0.6,0,0.8,-0.9,0.1,95.1,-0.4,,,,,,,,,,55.3,26.5,48.3,70.4,,,6346,3,4,2,2,2,,,,
2021,Calendar year,Local authority,E92000001,England,E12000006,East of England,881,E10000012,Essex,16-17,31984,4.3,3,1.3,0.2,0.2,0,32215,92.7,86.9,4.2,1.6,0.5,2,-1.6,0.1,94.7,0.1,,,,,,,,,,58.1,25.1,49.6,70.4,,,33265,2,3,2,3,2,,,,
2021,Calendar year,Local authority,E92000001,England,E12000006,East of England,919,E10000015,Hertfordshire,16-17,26342,3.7,2.7,1,0.4,0.1,0.2,26288,93.7,90.4,2.5,0.8,0.2,1,-0.9,0.1,96.5,-0.1,,,,,,,,,,66.5,27.3,54.2,78.6,,,28338,2,3,2,3,3,,,,
2021,Calendar year,Local authority,E92000001,England,E12000006,East of England,821,E06000032,Luton,16-17,5378,4.2,2.7,1.5,-0.6,-0.1,-0.5,5356,94.8,92.5,1.3,1,1.1,2.6,-0.9,-0.6,97,-0.2,,,,,,,,,,58.2,30.5,46.7,64.9,,,5426,2,3,3,4,4,,,,
2021,Calendar year,Local authority,E92000001,England,E12000006,East of England,926,E10000020,Norfolk,16-17,17194,5.5,4.4,1.1,1.2,0.8,0.3,17210,90.4,85.3,4.4,0.7,-0.5,1.6,-2,0,92.4,-2.1,,,,,,,,,,51.4,25.8,49.2,70.1,,,18224,4,5,2,1,1,,,,
2021,Calendar year,Local authority,E92000001,England,E12000006,East of England,874,E06000031,Peterborough,16-17,4869,7,4,3,0.6,0.1,0.5,4947,92,87.9,1.8,2.3,1.6,3.3,-1.5,-0.2,92.9,1.2,,,,,,,,,,49.9,24.8,46.3,63.4,,,4735,5,5,4,2,1,,,,
2021,Calendar year,Local authority,E92000001,England,E12000006,East of England,882,E06000033,Southend-on-Sea,16-17,3893,4.1,1.8,2.3,0.2,-0.1,0.4,3891,95.9,92.9,2.6,0.4,1.6,3.4,-1.3,-0.4,94.4,-1.6,,,,,,,,,,63.8,24.8,54.5,75.5,,,4044,2,1,4,5,2,,,,
2021,Calendar year,Local authority,E92000001,England,E12000006,East of England,935,E10000029,Suffolk,16-17,15072,5,3.7,1.3,-0.6,0.2,-0.7,15052,92.3,84.1,5.6,2.5,1.2,2.7,-2.1,0.5,95.1,2,,,,,,,,,,56.8,30.1,48.4,69.7,,,16746,3,4,2,2,2,,,,
2021,Calendar year,Local authority,E92000001,England,E12000006,East of England,883,E06000034,Thurrock,16-17,4170,2.2,2.2,0,0.6,0.6,0,4164,95.7,89.8,4.3,1.6,0.4,2.4,-1.4,-0.6,99.7,-0.2,,,,,,,,,,53.1,22.1,48.6,70.3,,,4358,1,2,1,5,5,,,,
2021,Calendar year,Regional,E92000001,England,E12000007,London,,,,16-17,181793,4,1.8,2.2,-0.1,0,-0.1,182707,96,93.4,1.4,1.2,0.5,1.5,-0.8,-0.2,95.9,0.3,1,1,1,1,1,1,1,1,1,66.8,27.8,53.2,75,1,1,196784,z,z,z,z,z,,,,
2021,Calendar year,Local authority,E92000001,England,E12000007,London,301,E09000002,Barking and Dagenham,16-17,6225,3.7,3.4,0.3,0.2,0.2,0,6261,95.5,93.4,1.2,0.9,0.5,1.5,-1.2,0.2,97,-0.9,1,1,1,1,1,1,1,1,1,61.1,23.2,49.7,70.8,1,1,5762,2,4,1,4,4,,,,
2021,Calendar year,Local authority,E92000001,England,E12000007,London,302,E09000003,Barnet,16-17,7733,1.7,1.1,0.7,0.2,0,0.2,7868,98.4,96.6,0.9,1,0.6,1.1,-0.6,0,99.2,3.2,,,,,,,,,,74.1,31,60.1,83.1,,,9415,1,1,1,5,5,,,,
2021,Calendar year,Local authority,E92000001,England,E12000007,London,303,E09000004,Bexley,16-17,5930,3.3,1.8,1.5,0.7,0.2,0.5,5946,96,89.9,4.8,1.4,0.4,2.5,-2,-0.1,98.1,-0.7,,,,,,,,,,61.4,25,53.5,76,,,5874,1,2,3,5,5,,,,
2021,Calendar year,Local authority,E92000001,England,E12000007,London,304,E09000005,Brent,16-17,7535,3.1,1.6,1.5,0.6,0.1,0.4,7532,97.1,94.8,0.8,1.4,0.1,0.6,-0.3,-0.2,97.2,-0.7,,,,,,,,,,68,27.5,53.1,74.7,,,7630,1,1,3,5,4,,,,
2021,Calendar year,Local authority,E92000001,England,E12000007,London,305,E09000006,Bromley,16-17,7070,2,1.7,0.3,0.2,0.3,-0.1,7042,97.6,92.2,2.9,2.4,0.1,1.9,-1.8,0,98.3,-0.1,,,,,,,,,,65.5,29.1,54.5,77.1,,,7648,1,1,1,5,5,,,,
2021,Calendar year,Local authority,E92000001,England,E12000007,London,202,E09000007,Camden,16-17,3260,3.2,1.8,1.4,-1.1,-1,-0.1,3257,95,93.3,0.9,0.9,1.2,1.5,-0.5,0.2,98.7,0.1,,,,,,,,,,68.6,28.6,52.2,72.9,,,5576,1,1,2,4,5,,,,
2021,Calendar year,Local authority,E92000001,England,E12000007,London,306,E09000008,Croydon,16-17,9214,5.4,1.8,3.6,0.2,-0.5,0.8,9246,95.1,91.7,1.5,1.9,1.2,1.5,-0.6,0.2,94.2,0.2,,,,,,,,,,63.3,27.2,48.9,69,,,9676,4,1,5,4,2,,,,
2021,Calendar year,Local authority,E92000001,England,E12000007,London,307,E09000009,Ealing,16-17,7781,2.7,1.1,1.6,0.1,0,0.1,7986,97.6,96.2,0.8,0.6,0.1,0.6,-0.4,-0.1,90.6,1.6,,,,,,,,,,71.8,28.2,53.5,76.9,,,7740,1,1,3,5,1,,,,
2021,Calendar year,Local authority,E92000001,England,E12000007,London,308,E09000010,Enfield,16-17,8923,4.6,1.5,3.2,0.5,-0.3,0.8,8915,96.4,93.6,1.5,1.4,0.6,0.9,-0.8,0.4,94.8,7,,,,,,,,,,63.5,29.3,49.8,68.6,,,8588,3,1,4,5,2,,,,
2021,Calendar year,Local authority,E92000001,England,E12000007,London,203,E09000011,Greenwich,16-17,6019,4.8,2.7,2.1,0.6,0.5,0.1,6070,94.7,90.5,2.8,1.4,-0.2,2.1,-1.2,-1.1,96.6,-0.7,,,,,,,,,,58.7,26.4,50.2,70.1,,,6328,3,3,4,4,3,,,,
2021,Calendar year,Local authority,E92000001,England,E12000007,London,204,E09000012,Hackney,16-17,5528,4.8,2,2.8,0.7,0.1,0.5,5553,95.9,93.6,0.8,1.5,-0.3,0.2,-0.7,0.2,97.3,-0.6,,,,,,,,,,69.9,25.9,53.2,75.4,,,6012,3,2,4,5,4,,,,
2021,Calendar year,Local authority,E92000001,England,E12000007,London,205,E09000013,Hammersmith and Fulham,16-17,2584,1.4,0.9,0.6,-0.2,0,-0.1,2586,98.5,97.8,0.4,0.2,0.4,1.5,0.1,-1.2,98.3,-0.9,,,,,,,,,,68.4,19.7,56.1,78.1,,,3424,1,1,1,5,5,,,,
2021,Calendar year,Local authority,E92000001,England,E12000007,London,309,E09000014,Haringey,16-17,5638,7.9,1.3,6.6,-3,-0.7,-2.4,5627,92.7,91.7,0.5,0.6,2,2.1,0,-0.1,84.6,0.8,,,,,,,,,,63.9,24.7,51.4,71.9,,,5989,5,1,5,3,1,,,,
2021,Calendar year,Local authority,E92000001,England,E12000007,London,310,E09000015,Harrow,16-17,5506,2.6,1.2,1.4,0.8,0.2,0.6,5650,97.5,95.8,0.6,1.1,-0.4,-0.4,-0.4,0.4,98.1,-0.6,,,,,,,,,,75.9,32.3,53.4,74.9,,,5940,1,1,2,5,5,,,,
2021,Calendar year,Local authority,E92000001,England,E12000007,London,311,E09000016,Havering,16-17,6001,3.8,2.4,1.4,0.9,0.4,0.5,6027,95.4,90.4,3.1,2,0.2,2.5,-2,-0.3,98.1,-0.6,,,,,,,,,,59,31.1,51.9,77,,,5944,2,3,2,4,5,,,,
2021,Calendar year,Local authority,E92000001,England,E12000007,London,312,E09000017,Hillingdon,16-17,6874,2.8,2,0.9,-1,-0.4,-0.6,7032,97,93.9,2.4,0.7,0.8,1.8,-0.2,-0.7,91.7,-0.9,,,,,,,,,,62.2,28.8,52.1,75.1,,,7197,1,2,2,5,1,,,,
2021,Calendar year,Local authority,E92000001,England,E12000007,London,313,E09000018,Hounslow,16-17,6108,3.5,1.9,1.6,-0.5,-0.2,-0.3,6217,96.4,95,0.7,0.7,0.6,2.1,-1.2,-0.3,95.8,0.6,,,,,,,,,,69.9,30,52.6,74.3,,,6015,1,2,3,5,3,,,,
2021,Calendar year,Local authority,E92000001,England,E12000007,London,206,E09000019,Islington,16-17,3387,4.8,1.7,3.1,0.7,0.1,0.6,3399,93.3,90.8,0.9,1.6,-0.4,0,-0.6,0.2,97.1,0.5,,,,,,,,,,63.5,20.1,49.7,71,,,4051,3,1,4,3,4,,,,
2021,Calendar year,Local authority,E92000001,England,E12000007,London,207,E09000020,Kensington and Chelsea,16-17,1440,5.4,3.5,1.8,1.5,1.1,0.4,1440,94,91.3,1.8,0.8,-1.3,-1.6,0.2,0,98.2,2.1,,,,,,,,,,76.3,33.2,58,82.1,,,2847,3,4,3,4,5,,,,
2021,Calendar year,Local authority,E92000001,England,E12000007,London,314,E09000021,Kingston upon Thames,16-17,3348,2.4,1.7,0.7,0.3,0.1,0.2,3356,97,93.8,1.7,1.4,-0.8,1.2,-0.9,-1.1,96.9,0.6,,,,,,,,,,72.9,29.5,58.9,81.7,,,3930,1,1,1,5,4,,,,
2021,Calendar year,Local authority,E92000001,England,E12000007,London,208,E09000022,Lambeth,16-17,5620,5.7,1.9,3.8,-2.2,-0.5,-1.7,5608,94.4,92.4,0.9,1.2,1.6,1.8,-0.4,0.2,95.1,1.9,,,,,,,,,,58.4,22.1,49.3,69.1,,,6035,4,2,5,4,2,,,,
2021,Calendar year,Local authority,E92000001,England,E12000007,London,209,E09000023,Lewisham,16-17,6369,6.2,1.4,4.8,0.7,-0.4,1.1,6387,95.5,92.7,1.4,1.3,0.3,1.4,-0.8,-0.3,98.5,0.3,,,,,,,,,,61.5,23.5,48.4,66.6,,,6256,4,1,5,4,5,,,,
2021,Calendar year,Local authority,E92000001,England,E12000007,London,315,E09000024,Merton,16-17,4214,2.5,1.4,1.1,0.2,0,0.2,4221,96.7,93.8,1.3,1.6,0.1,0.9,-1.1,0.3,96.7,-0.1,,,,,,,,,,65.2,27.6,53.1,75,,,4354,1,1,2,5,3,,,,
2021,Calendar year,Local authority,E92000001,England,E12000007,London,316,E09000025,Newham,16-17,8797,5.1,2.1,3.1,0.2,0,0.2,8808,95.1,93.2,1,0.9,-0.2,0.7,-0.3,-0.6,94.7,0.4,,,,,,,,,,67.4,27.7,53.1,73.1,,,8228,3,2,4,4,2,,,,
2021,Calendar year,Local authority,E92000001,England,E12000007,London,317,E09000026,Redbridge,16-17,7905,3.5,1.8,1.7,0.4,0.1,0.3,7935,96.3,94.8,0.9,0.6,-0.3,0.9,-0.8,-0.4,93.3,-3.9,,,,,,,,,,74,35.7,56,79.1,,,7527,1,1,3,5,2,,,,
2021,Calendar year,Local authority,E92000001,England,E12000007,London,318,E09000027,Richmond upon Thames,16-17,3178,3,2.3,0.7,0.7,0.8,-0.1,3178,96.5,94.2,1,1.3,-0.9,1,-0.8,-1.1,96.2,0.7,,,,,,,,,,71,26.8,57.5,82.1,,,4500,1,2,1,5,3,,,,
2021,Calendar year,Local authority,E92000001,England,E12000007,London,210,E09000028,Southwark,16-17,5455,6.1,1.7,4.5,-2.7,-0.8,-1.9,5398,95.8,93,1.2,1.6,3.6,4.7,-0.6,-0.4,99.3,0.8,,,,,,,,,,65.3,24,53.7,75.4,,,6152,4,1,5,5,5,,,,
2021,Calendar year,Local authority,E92000001,England,E12000007,London,319,E09000029,Sutton,16-17,4842,3.2,1,2.2,-0.5,0.2,-0.7,4838,96.3,92,2.6,1.7,0.8,2.1,-1.6,0.3,97.8,0.4,,,,,,,,,,69,33.4,61.3,84.4,,,4810,1,1,4,5,4,,,,
2021,Calendar year,Local authority,E92000001,England,E12000007,London,211,E09000030,Tower Hamlets,16-17,6292,5,3.3,1.7,-0.7,0.3,-1,6313,95,92.4,1.2,1.5,1.3,2.1,-0.8,-0.1,93.2,-2,,,,,,,,,,69.8,28.7,50.1,73.4,,,6996,3,4,3,4,1,,,,
2021,Calendar year,Local authority,E92000001,England,E12000007,London,320,E09000031,Waltham Forest,16-17,6282,3.1,1,2.1,0,-0.6,0.6,6283,96.6,95.3,0.7,0.6,0.4,1.5,-0.6,-0.5,98.3,0.9,,,,,,,,,,67.8,29.7,50,71,,,6014,1,1,4,5,5,,,,
2021,Calendar year,Local authority,E92000001,England,E12000007,London,212,E09000032,Wandsworth,16-17,4215,6.5,1.6,4.9,-3.6,0.2,-3.9,4210,94,92.4,0.7,0.9,3.1,3.9,-0.5,-0.2,94.2,-0.2,,,,,,,,,,65.5,30.3,52.7,74.7,,,5089,4,1,5,4,2,,,,
2021,Calendar year,Local authority,E92000001,England,E12000007,London,213,E09000033,Westminster,16-17,2466,3.6,2.4,1.2,0.6,0.4,0.1,2467,96.4,95,1,0.4,-0.3,0,-0.3,0,98.3,-0.2,,,,,,,,,,73.7,27.4,57.1,81.6,,,5064,2,3,2,5,5,,,,
2021,Calendar year,Regional,E92000001,England,E12000001,North East,,,,16-17,54804,5.7,4.7,1,-0.2,0.6,-0.8,54869,92.2,82.5,5.3,4.3,0.6,2.2,-1.5,-0.1,94.8,-0.7,,,,,,,,,,50.9,26.4,48.4,68.6,,,56136,z,z,z,z,z,,,,
2021,Calendar year,Local authority,E92000001,England,E12000001,North East,841,E06000005,Darlington,16-17,2418,5.9,5.9,0,1.7,1.8,-0.1,2419,90,81.6,5,3.4,-0.3,3.8,-2.4,-1.7,94.9,-0.3,,,,,,,,,,53.1,22,50.2,72.3,,,2449,4,5,1,1,2,,,,
2021,Calendar year,Local authority,E92000001,England,E12000001,North East,390,E08000037,Gateshead,16-17,3701,5.8,5,0.8,0.5,0,0.6,3698,92.6,85.8,4,2.7,-0.4,4.6,-3.7,-1.3,83.1,-9,,,,,,,,,,53.7,31.4,50.3,70.6,,,4213,4,5,1,2,1,,,,
2021,Calendar year,Local authority,E92000001,England,E12000001,North East,805,E06000001,Hartlepool,16-17,2146,4.1,4.1,0,0.4,0.6,-0.2,2150,93.7,85.2,5.2,3.3,1.1,3.3,-1.9,-0.2,97.3,-1,,,,,,,,,,53,29.5,46.8,66.1,,,2121,2,5,1,3,4,,,,
2021,Calendar year,Local authority,E92000001,England,E12000001,North East,806,E06000002,Middlesbrough,16-17,3149,6.1,4.3,1.8,1.4,0.3,1,3144,93.6,82.7,2,8.9,-0.7,0.8,-1.4,-0.1,95.3,-2.1,,,,,,,,,,50.8,21.8,45.4,64.8,,,3235,4,5,3,3,3,,,,
2021,Calendar year,Local authority,E92000001,England,E12000001,North East,391,E08000021,Newcastle upon Tyne,16-17,5707,7.1,4.7,2.5,-2,0.2,-2.3,5704,92.8,83.5,4.3,5,2,1.9,-1,1,93.6,-3,,,,,,,,,,48.3,25.3,47.6,67.4,,,5678,5,5,4,3,2,,,,
2021,Calendar year,Local authority,E92000001,England,E12000001,North East,392,E08000022,North Tyneside,16-17,4268,4.4,2.9,1.5,0.6,0.3,0.3,4267,93.8,83.6,7.2,3,0.3,1.6,-1,-0.2,97.2,0.1,,,,,,,,,,56.7,27.4,49.2,70.3,,,4493,2,3,3,3,4,,,,
2021,Calendar year,Local authority,E92000001,England,E12000001,North East,929,E06000057,Northumberland,16-17,6350,4.7,3.9,0.7,0,-0.3,0.2,6344,92.7,82.1,7.9,2.6,0.4,1.5,-1.5,0.4,96.6,-1.3,,,,,,,,,,52.1,24.3,49.6,71.3,,,6681,3,4,1,2,3,,,,
2021,Calendar year,Local authority,E92000001,England,E12000001,North East,807,E06000003,Redcar and Cleveland,16-17,2958,5.4,5.3,0.1,-0.1,1.4,-1.5,3007,92.4,81,4.6,6.8,3,4.1,-0.9,-0.2,97.7,3.8,,,,,,,,,,52,29.1,48,70,,,2980,3,5,1,2,4,,,,
2021,Calendar year,Local authority,E92000001,England,E12000001,North East,393,E08000023,South Tyneside,16-17,3183,5.8,4.7,1.2,-1.5,0,-1.5,3187,92.2,80.7,6.1,5.5,1.5,1.7,-1.4,1.2,91.7,-0.5,,,,,,,,,,49.1,27.3,45.9,65.2,,,3236,4,5,2,2,1,,,,
2021,Calendar year,Local authority,E92000001,England,E12000001,North East,808,E06000004,Stockton-on-Tees,16-17,4232,5.4,5.1,0.3,0.5,0.2,0.3,4232,91.9,80.9,4.8,6.3,0.3,1,-0.4,-0.3,95.4,-1.9,,,,,,,,,,52.4,24.9,48.6,71.6,,,4580,4,5,1,2,3,,,,
2021,Calendar year,Local authority,E92000001,England,E12000001,North East,394,E08000024,Sunderland,16-17,6027,5.1,4.4,0.6,-5.5,0.3,-5.8,6028,92.4,82.1,5.9,4.5,2.4,3.7,-1.1,-0.2,95.7,5.9,,,,,,,,,,48.5,25,48.1,64.2,,,5722,3,5,1,2,3,,,,
2021,Calendar year,Local authority,E92000001,England,E12000001,North East,840,E06000047,County Durham,16-17,10663,6.5,5.6,0.9,1.7,1.6,0.1,10689,90.4,82.2,5.1,3.1,-0.6,1.6,-1.7,-0.5,96.5,-0.5,,,,,,,,,,47.7,28.2,48.8,68.6,,,10747,4,5,2,1,3,,,,
2021,Calendar year,Regional,E92000001,England,E12000002,North West,,,,16-17,160187,5.3,3.4,1.9,-0.1,0.1,-0.2,160185,92.7,85.2,5,2.6,0.7,2.2,-1.1,-0.3,96,-0.2,,,,,,,,,,56,29.3,49,69.3,,,163172,z,z,z,z,z,,,,
2021,Calendar year,Local authority,E92000001,England,E12000002,North West,889,E06000008,Blackburn with Darwen,16-17,4300,3.8,2.6,1.2,-0.3,-0.3,0,4296,94.1,88.2,4.7,1.2,0.4,3.4,-2,-0.9,97.8,-0.4,,,,,,,,,,60.4,30.2,49.7,71.8,,,4046,2,3,2,4,4,,,,
2021,Calendar year,Local authority,E92000001,England,E12000002,North West,890,E06000009,Blackpool,16-17,3241,8.9,4.4,4.5,-0.7,-0.3,-0.4,3232,88,80.1,6.4,1.5,9,10,0.1,-1.1,91,1.4,,,,,,,,,,49.5,36.8,40.9,54.1,,,3119,5,5,5,1,1,,,,
2021,Calendar year,Local authority,E92000001,England,E12000002,North West,350,E08000001,Bolton,16-17,7317,5.6,4.7,0.8,-0.7,0.6,-1.3,7296,91.9,85.4,3.2,3.2,0.7,2,-1,-0.4,99,0,,,,,,,,,,57.8,27.1,48.3,69,,,6925,4,5,1,2,5,,,,
2021,Calendar year,Local authority,E92000001,England,E12000002,North West,351,E08000002,Bury,16-17,4554,3.5,3.3,0.3,-0.4,-0.4,0,4548,92.2,84.8,4.7,2.7,1.7,3.3,-1.8,0.2,98.7,1.2,,,,,,,,,,61.5,32.5,48.1,70.6,,,4489,1,4,1,2,5,,,,
2021,Calendar year,Local authority,E92000001,England,E12000002,North West,895,E06000049,Cheshire East,16-17,7499,2.2,2.2,0,-0.5,-0.5,0,7529,96.4,89.7,3.6,3.1,1,2.6,-0.3,-1.3,98.6,-0.8,,,,,,,,,,65.5,30.3,51.5,74.7,,,8572,1,2,1,5,5,,,,
2021,Calendar year,Local authority,E92000001,England,E12000002,North West,896,E06000050,Cheshire West and Chester,16-17,6563,3.7,3.2,0.5,0.8,0.7,0.2,6568,96,90,4.2,1.8,-0.1,3,-0.7,-2.4,97.7,-0.9,,,,,,,,,,56.2,23,50.6,72.8,,,7372,2,4,1,5,4,,,,
2021,Calendar year,Local authority,E92000001,England,E12000002,North West,909,E10000006,Cumbria,16-17,10133,4.8,3.3,1.5,0.8,0.7,0.1,10137,92.1,79.7,9.4,3,-0.4,1.8,-1.8,-0.5,96.5,-0.6,,,,,,,,,,51,29.9,50,71.4,,,10412,3,4,3,2,3,,,,
2021,Calendar year,Local authority,E92000001,England,E12000002,North West,876,E06000006,Halton,16-17,2983,4,3.4,0.6,-0.3,-0.6,0.3,2983,92.6,83.1,4.7,4.8,0.8,0.6,-0.3,0.6,96.8,-0.6,,,,,,,,,,49.4,27.9,47.6,64.1,,,3027,2,4,1,2,3,,,,
2021,Calendar year,Local authority,E92000001,England,E12000002,North West,340,E08000011,Knowsley,16-17,3462,7.9,6.8,1.1,0.2,0.4,-0.2,3462,87.4,78,6.6,2.8,-0.6,0.5,-0.9,-0.2,98,0.4,,,,,,,,,,41.7,25.2,38.2,50.7,,,3359,5,5,2,1,5,,,,
2021,Calendar year,Local authority,E92000001,England,E12000002,North West,888,E10000017,Lancashire,16-17,26667,5.8,2.5,3.2,-1.2,-0.1,-1.1,26661,93.4,84.3,7.4,1.7,1.2,2.3,-0.6,-0.5,93.6,-0.2,,,,,,,,,,58.9,31.9,49.7,71.3,,,27204,4,3,4,3,2,,,,
2021,Calendar year,Local authority,E92000001,England,E12000002,North West,341,E08000012,Liverpool,16-17,9743,8.4,4.9,3.5,0,-0.2,0.2,9786,89.9,81.9,3.8,4.2,2,3,-1.5,0.5,93,-1.3,,,,,,,,,,51.2,25.8,48,66.6,,,9108,5,5,5,1,1,,,,
2021,Calendar year,Local authority,E92000001,England,E12000002,North West,352,E08000003,Manchester,16-17,11917,7.6,3.8,3.8,0.7,0.2,0.5,11891,91.3,86.4,2.5,2.4,-0.6,0.5,-1.2,0.1,94.5,-0.4,,,,,,,,,,54.3,28.4,47.2,63.9,,,11521,5,4,5,1,2,,,,
2021,Calendar year,Local authority,E92000001,England,E12000002,North West,353,E08000004,Oldham,16-17,6190,5.1,3.3,1.9,0.7,0,0.7,6181,93.1,87.7,3.4,2,0.4,1.1,-0.3,-0.4,97.2,-0.8,,,,,,,,,,56.1,30.9,44.8,62.1,,,6212,3,4,3,3,4,,,,
2021,Calendar year,Local authority,E92000001,England,E12000002,North West,354,E08000005,Rochdale,16-17,5271,4.4,3,1.4,0.6,0.2,0.4,5260,93.8,88.1,3.6,2.1,-0.5,0.6,-1,0,97.6,-0.9,,,,,,,,,,52.2,26.8,46.2,65.2,,,5439,2,3,2,3,4,,,,
2021,Calendar year,Local authority,E92000001,England,E12000002,North West,355,E08000006,Salford,16-17,4858,6.1,4.8,1.3,-0.4,-0.3,-0.1,4868,91.1,83.1,4.4,3.7,1.9,3.9,-1.4,-0.7,94.6,0.5,,,,,,,,,,43.6,23.2,43,58.1,,,5464,4,5,2,1,2,,,,
2021,Calendar year,Local authority,E92000001,England,E12000002,North West,343,E08000014,Sefton,16-17,5548,3.5,3,0.6,0,-0.1,0,5558,93.9,85.8,3.9,4.3,0.3,2,-2,0.3,96.9,-0.1,,,,,,,,,,52.4,26.8,47.6,68,,,5770,1,3,1,3,4,,,,
2021,Calendar year,Local authority,E92000001,England,E12000002,North West,342,E08000013,St. Helens,16-17,3967,4.3,3.4,1,-1.3,-1.2,-0.1,3969,92.2,81.3,4.8,6.2,2.1,3.4,-0.5,-0.8,95.5,0,,,,,,,,,,45.4,28.9,47,66.3,,,3860,2,4,2,2,3,,,,
2021,Calendar year,Local authority,E92000001,England,E12000002,North West,356,E08000007,Stockport,16-17,6210,3.8,3,0.7,0.3,0.5,-0.2,6206,94.7,87.6,5.1,1.9,0.5,2.4,-1.5,-0.4,97.6,0,,,,,,,,,,56.2,32.3,51.3,73.5,,,6641,2,3,1,4,4,,,,
2021,Calendar year,Local authority,E92000001,England,E12000002,North West,357,E08000008,Tameside,16-17,5025,4.7,3.5,1.2,0.9,0.4,0.5,5012,93.8,88.3,3.2,2.3,-0.9,0.4,-0.7,-0.5,97.9,-0.6,,,,,,,,,,52.4,30.6,48,69.4,,,5078,3,4,2,3,5,,,,
2021,Calendar year,Local authority,E92000001,England,E12000002,North West,358,E08000009,Trafford,16-17,5590,4.8,2.3,2.5,-0.2,0.5,-0.6,5592,94.2,89.4,4,0.9,0,1,-1.3,0.3,96.1,0.1,,,,,,,,,,72.2,30.4,59.2,83.3,,,6080,3,2,4,4,3,,,,
2021,Calendar year,Local authority,E92000001,England,E12000002,North West,877,E06000007,Warrington,16-17,4684,3.3,2.9,0.3,-0.4,0.1,-0.5,4684,93.9,88.9,3.6,1.4,0.8,3.1,-1.5,-0.7,97.6,1.3,,,,,,,,,,60.7,31.2,51.7,76.1,,,4796,1,3,1,3,4,,,,
2021,Calendar year,Local authority,E92000001,England,E12000002,North West,359,E08000010,Wigan,16-17,7153,5.8,3.8,2.1,0.3,0.5,-0.2,7156,91,81.2,6.6,3.1,0.8,2.2,-1.7,0.3,95.6,0.4,,,,,,,,,,55.3,31.9,49.3,71,,,7353,4,4,4,1,3,,,,
2021,Calendar year,Local authority,E92000001,England,E12000002,North West,344,E08000015,Wirral,16-17,7311,5.1,3.6,1.4,0.1,0.2,-0.1,7310,92.8,87.1,3.5,2.2,0.5,1.5,-1.8,0.8,97.1,-0.3,,,,,,,,,,57.7,30.8,51.5,71.6,,,7325,3,4,2,3,4,,,,
2021,Calendar year,Regional,E92000001,England,E12000008,South East,,,,16-17,187531,6.4,2.5,3.9,0,0.1,-0.2,187624,92.2,87.6,3.3,1.3,0.9,2.1,-1.1,-0.1,90.9,-2.9,,,,,,,,,,58.8,27.6,51.4,73.3,,,209625,z,z,z,z,z,,,,
2021,Calendar year,Local authority,E92000001,England,E12000008,South East,867,E06000036,Bracknell Forest,16-17,2609,3.6,2.4,1.3,-1,0.1,-1,2611,92.7,88.5,3.9,0.3,1.4,2.6,-0.8,-0.4,93,-3.9,,,,,,,,,,56.7,30.2,50.5,72.4,,,3144,2,3,2,3,1,,,,
2021,Calendar year,Local authority,E92000001,England,E12000008,South East,846,E06000043,Brighton and Hove,16-17,5019,4.4,2.8,1.6,-0.6,-1.1,0.6,5017,93.8,90.6,2.4,0.8,2,3.7,-1.5,-0.1,96,2.1,,,,,,,,,,58.3,30.5,51.9,75.3,,,5547,2,3,3,3,3,,,,
2021,Calendar year,Local authority,E92000001,England,E12000008,South East,825,E06000060,Buckinghamshire,16-17,12407,7,1.5,5.5,-3.2,0.6,-3.8,12389,93.1,89.9,2.4,0.8,1.6,2.2,-0.9,0.2,z,z,,,,,,,,,,z,z,58,80.1,,,13601,5,1,5,3,z,,,,
2021,Calendar year,Local authority,E92000001,England,E12000008,South East,845,E10000011,East Sussex,16-17,10607,5.4,3.9,1.5,-0.2,-0.5,0.2,10623,91.9,87.2,3.6,1.1,2.1,3.5,-1.5,0.1,94.4,0.6,,,,,,,,,,52.9,24.7,48.5,69.8,,,11852,4,4,3,2,2,,,,
2021,Calendar year,Local authority,E92000001,England,E12000008,South East,850,E10000014,Hampshire,16-17,28657,5.2,2.3,2.9,1.4,0.5,0.9,28640,91.7,86.1,4.6,1,-1,0.2,-1.1,-0.1,97.5,0,,,,,,,,,,59.4,33.4,50.8,73.8,,,31150,3,2,4,2,4,,,,
2021,Calendar year,Local authority,E92000001,England,E12000008,South East,921,E06000046,Isle of Wight,16-17,2623,5.4,1.7,3.7,3,-0.1,3.1,2646,93.8,85.8,2.8,5.2,-1.5,1.5,-0.9,-2.2,98.2,-0.1,,,,,,,,,,49.8,23.3,46.6,68.4,,,2855,3,1,5,3,5,,,,
2021,Calendar year,Local authority,E92000001,England,E12000008,South East,886,E10000016,Kent,16-17,33602,7.5,3,4.6,-0.2,-0.3,0.1,33605,90.7,85.6,3.2,1.9,1.4,3,-1.1,-0.5,93.2,0,,,,,,,,,,54.5,23.4,51,71.7,,,36828,5,3,5,1,1,,,,
2021,Calendar year,Local authority,E92000001,England,E12000008,South East,887,E06000035,Medway,16-17,6515,7.9,3.4,4.5,-4.1,0.4,-4.5,6454,91.6,85.7,4.3,1.5,4.2,3.9,0,0.3,86.8,1.7,,,,,,,,,,50.8,19.2,49.8,70.5,,,6680,5,4,5,2,1,,,,
2021,Calendar year,Local authority,E92000001,England,E12000008,South East,826,E06000042,Milton Keynes,16-17,6577,4.7,3.1,1.6,-1,-0.1,-0.9,6559,93.3,90.3,1.8,1.3,2.3,3.1,-1.4,0.5,96.3,-0.7,,,,,,,,,,55.2,24.7,47.1,66.6,,,6614,3,4,3,3,3,,,,
2021,Calendar year,Local authority,E92000001,England,E12000008,South East,931,E10000025,Oxfordshire,16-17,13230,4.1,2.5,1.6,0.4,0.9,-0.5,13305,94.1,88.1,4.4,1.6,-0.4,1.1,-0.9,-0.7,95.5,-0.5,,,,,,,,,,60.1,27.7,50.2,72.3,,,15602,2,3,3,4,3,,,,
2021,Calendar year,Local authority,E92000001,England,E12000008,South East,851,E06000044,Portsmouth,16-17,4064,5.6,4.4,1.1,0.6,0.3,0.3,4091,91.6,86.8,3.6,1.1,0.5,1.8,-1.4,0.1,94.1,-1.2,,,,,,,,,,50.3,27.5,45.7,65.2,,,4412,4,5,2,1,2,,,,
2021,Calendar year,Local authority,E92000001,England,E12000008,South East,870,E06000038,Reading,16-17,3175,4.9,3.1,1.8,-10,1.5,-11.5,3179,91.8,87.4,2.5,2,2.2,3.5,-1.4,0,92.6,35.3,,,,,,,,,,61.5,26.2,54,72.4,,,3341,3,3,3,2,1,,,,
2021,Calendar year,Local authority,E92000001,England,E12000008,South East,871,E06000039,Slough,16-17,3913,4.4,3.7,0.7,0.2,0.5,-0.3,3920,94.4,91.4,1.7,1.3,1.9,2.7,-1.5,0.7,94.4,-1.1,,,,,,,,,,72.8,33.7,55.9,77.3,,,3982,2,4,1,4,2,,,,
2021,Calendar year,Local authority,E92000001,England,E12000008,South East,852,E06000045,Southampton,16-17,4414,7.6,4.4,3.1,1.3,0.3,1,4409,89.3,83.6,3.6,2.2,-0.6,0.2,-1,0.3,94.7,-0.6,,,,,,,,,,47.7,28.6,46.4,63,,,4813,5,5,4,1,2,,,,
2021,Calendar year,Local authority,E92000001,England,E12000008,South East,936,E10000030,Surrey,16-17,22617,9.5,1.4,8.1,5.7,-0.1,5.8,22657,92.2,88.5,3,0.6,-0.9,0.5,-1.1,-0.3,67.2,-27,,,,,,,,,,63.1,31.3,53.6,78.2,,,28315,5,1,5,2,1,,,,
2021,Calendar year,Local authority,E92000001,England,E12000008,South East,869,E06000037,West Berkshire,16-17,3466,2.6,2.1,0.5,0.1,0.5,-0.4,3460,94.3,86.4,5.1,2.7,0.1,2.1,-2.3,0.3,97.9,-0.1,,,,,,,,,,60.1,30.7,51.9,74.9,,,3978,1,2,1,4,4,,,,
2021,Calendar year,Local authority,E92000001,England,E12000008,South East,938,E10000032,West Sussex,16-17,17207,7.7,2.2,5.4,-4.3,-0.1,-4.2,17207,91.6,88.7,2.1,0.7,3.9,4.3,-0.8,0.4,90.2,0.9,,,,,,,,,,57.6,28.4,50.3,72.2,,,18453,5,2,5,1,1,,,,
2021,Calendar year,Local authority,E92000001,England,E12000008,South East,868,E06000040,Windsor and Maidenhead,16-17,3094,4.7,1.5,3.2,-1.5,0,-1.6,3094,94.7,91.2,2.7,0.9,-0.2,1.4,-1,-0.6,94.3,-0.5,,,,,,,,,,68.1,32.5,52.8,78.1,,,4083,3,1,4,4,2,,,,
2021,Calendar year,Local authority,E92000001,England,E12000008,South East,872,E06000041,Wokingham,16-17,3737,4,2.1,1.9,-0.5,0.5,-1,3758,95.3,91.7,2.7,0.9,0.8,1.1,-0.4,0.1,96.2,-0.1,,,,,,,,,,67.7,30.9,55.9,81.6,,,4360,2,2,3,4,3,,,,
2021,Calendar year,Regional,E92000001,England,E12000009,South West,,,,16-17,111788,6,3,3,-0.5,0.1,-0.6,111798,91.9,85.4,4.7,1.7,0.9,2.5,-1.4,-0.2,91.3,-1.2,,,,,,,,,,56.1,28.5,50.4,72.3,,,119447,z,z,z,z,z,,,,
2021,Calendar year,Local authority,E92000001,England,E12000009,South West,800,E06000022,Bath and North East Somerset,16-17,3250,8.1,2.2,5.9,1.2,-0.1,1.3,3257,92,89.2,2.2,0.6,2.2,2.5,-0.3,0,82.6,3.8,,,,,,,,,,57.6,31.6,53.3,76.3,,,3947,5,2,5,2,1,,,,
2021,Calendar year,Local authority,E92000001,England,E12000009,South West,801,E06000023,"Bristol, City of",16-17,8671,6.8,3.5,3.3,-8.2,0.4,-8.6,8678,90.5,86.2,3.4,0.9,7.9,8.3,-0.9,0.5,87,-5.8,,,,,,,,,,52.2,25.2,48.6,67.3,,,8926,4,4,5,1,1,,,,
2021,Calendar year,Local authority,E92000001,England,E12000009,South West,908,E06000052,Cornwall,16-17,11329,5.8,3.7,2,-0.5,-0.1,-0.4,11320,91.3,85.1,4.7,1.5,0,2.6,-2.1,-0.4,95.5,-0.2,,,,,,,,,,55.5,28.5,48.8,69.7,,,12017,4,4,3,1,3,,,,
2021,Calendar year,Local authority,E92000001,England,E12000009,South West,878,E10000008,Devon,16-17,15651,5.1,3.3,1.8,0,0.1,-0.1,15639,92,84.4,5.9,1.7,0,1.3,-1.6,0.3,95.7,0.1,,,,,,,,,,54.9,28.7,50.2,73.2,,,16296,3,4,3,2,3,,,,
2021,Calendar year,Local authority,E92000001,England,E12000009,South West,838,E06000059,Dorset,16-17,7296,5.3,3.3,2.1,0.2,0.1,0,7284,91.6,84.7,5.3,1.6,0.8,2.7,-2.1,0.2,94.6,0,,,,,,,,,,56.1,32.4,49.7,71.1,,,7998,3,4,4,1,2,,,,
2021,Calendar year,Local authority,E92000001,England,E12000009,South West,916,E10000013,Gloucestershire,16-17,13135,4,2.5,1.5,0.5,0.3,0.1,13171,92.9,85.1,4.5,3.3,1.1,2.3,-1.6,0.4,97.4,0.4,,,,,,,,,,60.1,30.5,52.9,75.2,,,14203,2,3,3,3,4,,,,
2021,Calendar year,Local authority,E92000001,England,E12000009,South West,802,E06000024,North Somerset,16-17,4564,7.4,2.8,4.6,1.1,-0.2,1.3,4563,92.4,87.2,3.9,1.4,0.1,3.1,-2.8,-0.2,91,-0.5,,,,,,,,,,61.3,30.2,50.2,73.5,,,4631,5,3,5,2,1,,,,
2021,Calendar year,Local authority,E92000001,England,E12000009,South West,879,E06000026,Plymouth,16-17,5376,6.8,4.2,2.6,0.5,0.1,0.4,5377,91.2,80.3,9.3,1.6,-0.8,1.5,-2.2,-0.1,95.1,0.1,,,,,,,,,,50.5,29.1,48.5,69,,,5338,5,5,4,1,2,,,,
2021,Calendar year,Local authority,E92000001,England,E12000009,South West,933,E10000027,Somerset,16-17,11391,6.9,3.4,3.5,-1,0.1,-1.1,11378,91.4,84.6,5.6,1.2,1.1,3.3,-1.8,-0.4,93.1,1.4,,,,,,,,,,55.2,26.6,48.4,69.8,,,12375,5,4,5,1,1,,,,
2021,Calendar year,Local authority,E92000001,England,E12000009,South West,803,E06000025,South Gloucestershire,16-17,5814,6.9,1.1,5.8,0.5,-0.4,0.9,5839,93.9,84.7,6.6,2.6,-0.5,1.6,-1.9,-0.2,85.5,-9.1,,,,,,,,,,52.1,29.7,49.6,72.6,,,6169,5,1,5,3,1,,,,
2021,Calendar year,Local authority,E92000001,England,E12000009,South West,866,E06000030,Swindon,16-17,5124,6.7,1.9,4.8,-1.4,-0.3,-1,5115,92.8,88.5,2.6,1.7,0.8,3.2,-1.6,-0.8,50.8,-10,,,,,,,,,,49.7,27.5,48.7,70,,,5018,4,2,5,3,1,,,,
2021,Calendar year,Local authority,E92000001,England,E12000009,South West,880,E06000027,Torbay,16-17,2867,5.1,3.9,1.2,-1.2,0.2,-1.5,2863,92.9,88.1,3.4,1.4,1.3,2.8,-1.8,0.3,96.9,0.4,,,,,,,,,,56.5,19,51,69.8,,,2797,3,4,2,3,4,,,,
2021,Calendar year,Local authority,E92000001,England,E12000009,South West,865,E06000054,Wiltshire,16-17,9810,7,1.9,5.1,1,0.2,0.8,9806,91,88.2,1.8,1,-1.6,-1.3,1.3,-1.7,94.3,0.9,,,,,,,,,,58.2,27.9,51.2,73.3,,,11779,5,2,5,1,2,,,,
2021,Calendar year,Local authority,E92000001,England,E12000009,South West,839,E06000058,"Bournemouth, Christchurch and Poole",16-17,7476,5.5,4.1,1.4,0.8,0.7,0.1,7475,91.6,84.5,4.6,2.6,1.9,3.3,-1.2,-0.1,90.3,-2.4,,,,,,,,,,60.6,28.2,54,78.2,,,7953,4,5,2,2,1,,,,
2021,Calendar year,Regional,E92000001,England,E12000005,West Midlands,,,,16-17,133185,5.7,2.6,3.1,0.4,0.3,0.1,133688,93.4,87.1,3.8,2.4,-0.1,1.3,-1.2,-0.2,94.9,-1.1,,,,,,,,,,55.5,25.7,49,68.6,,,137711,z,z,z,z,z,,,,
2021,Calendar year,Local authority,E92000001,England,E12000005,West Midlands,330,E08000025,Birmingham,16-17,30683,8.5,2.8,5.7,0.7,0.5,0.1,31138,92,87.2,2.2,2.5,0,0.8,-1,0.2,90.9,-1.7,,,,,,,,,,60.1,26.4,49.2,67.1,,,29839,5,3,5,2,1,,,,
2021,Calendar year,Local authority,E92000001,England,E12000005,West Midlands,331,E08000026,Coventry,16-17,7750,4.4,2.3,2.1,-0.7,-0.8,0.1,7754,94.8,88.9,4.5,1.4,1,2,-0.9,-0.1,97.4,0.7,,,,,,,,,,52.8,23.9,47.2,66.9,,,7789,2,2,4,4,4,,,,
2021,Calendar year,Local authority,E92000001,England,E12000005,West Midlands,332,E08000027,Dudley,16-17,7306,5.7,3.1,2.7,-0.1,0.5,-0.5,7303,92.2,83.6,4.8,3.8,0.3,2.3,-1.9,-0.1,95.6,-0.6,,,,,,,,,,51.8,26.1,47.2,66.2,,,7585,4,3,4,2,3,,,,
2021,Calendar year,Local authority,E92000001,England,E12000005,West Midlands,333,E08000028,Sandwell,16-17,8600,2.9,1.9,1,-0.2,0.3,-0.5,8600,95.9,90.5,2.3,3.2,0.5,1.7,-0.8,-0.4,99.3,0.2,,,,,,,,,,49.3,24.5,46.1,61.2,,,8175,1,2,2,5,5,,,,
2021,Calendar year,Local authority,E92000001,England,E12000005,West Midlands,893,E06000051,Shropshire,16-17,5783,10.3,2,8.3,3.1,-0.3,3.4,5783,90.7,85.8,4.1,0.8,-1.7,1.2,-0.6,-2.3,83.9,-12.3,,,,,,,,,,57.9,28.2,49.5,71.7,,,7118,5,2,5,1,1,,,,
2021,Calendar year,Local authority,E92000001,England,E12000005,West Midlands,334,E08000029,Solihull,16-17,4997,4.4,3.6,0.8,0.7,0.6,0.1,4992,95.7,89.7,3.9,2.1,0.2,2.3,-2,-0.1,97.4,0.3,,,,,,,,,,59.7,28.1,50.4,74.3,,,5185,2,4,1,5,4,,,,
2021,Calendar year,Local authority,E92000001,England,E12000005,West Midlands,860,E10000028,Staffordshire,16-17,17936,3.4,1.9,1.6,0.5,0,0.6,17950,94.6,87.1,5.1,2.4,0,3.9,-2.7,-1.2,98.2,-0.3,,,,,,,,,,56.7,26.8,48.8,69.7,,,18976,1,2,3,4,5,,,,
2021,Calendar year,Local authority,E92000001,England,E12000005,West Midlands,861,E06000021,Stoke-on-Trent,16-17,5810,7,4.5,2.6,2.4,1.5,0.9,5798,90.2,77.9,5.5,6.9,-2.2,-0.9,-0.6,-0.7,97,-0.6,,,,,,,,,,49.2,23,46.3,63.8,,,5727,5,5,4,1,4,,,,
2021,Calendar year,Local authority,E92000001,England,E12000005,West Midlands,894,E06000020,Telford and Wrekin,16-17,4155,7.4,4.7,2.7,-1.2,0.6,-1.8,4181,90.9,86.1,4,0.8,0.3,1.2,-0.6,-0.3,93.3,-0.4,,,,,,,,,,51.1,29.8,49.9,68.6,,,4282,5,5,4,1,2,,,,
2021,Calendar year,Local authority,E92000001,England,E12000005,West Midlands,335,E08000030,Walsall,16-17,6973,3.6,1.3,2.3,0.1,0.3,-0.2,6974,95.6,89.1,3.4,3,0.5,0.7,-0.8,0.6,99.3,0.3,,,,,,,,,,49.2,23.5,47.4,64.9,,,7082,2,1,4,5,5,,,,
2021,Calendar year,Local authority,E92000001,England,E12000005,West Midlands,937,E10000031,Warwickshire,16-17,11283,3.8,2,1.9,0.4,0.1,0.3,11310,94.7,89.4,4.4,1,-1.2,-0.3,-1.1,0.2,98.3,0.4,,,,,,,,,,58.4,24.5,52.6,75.6,,,12625,2,2,3,4,5,,,,
2021,Calendar year,Local authority,E92000001,England,E12000005,West Midlands,336,E08000031,Wolverhampton,16-17,6003,3.5,2,1.5,0.2,-0.1,0.3,5999,96.1,91,2.1,3.1,0.6,1.5,-0.4,-0.5,98.7,0.3,,,,,,,,,,51.9,25.3,49.2,66.7,,,6266,1,2,3,5,5,,,,
2021,Calendar year,Local authority,E92000001,England,E12000005,West Midlands,885,E10000034,Worcestershire,16-17,12204,5.9,2.9,3,0.4,0.5,-0.1,12209,93.3,85.8,5.5,2,0,0.6,-0.8,0.2,90.4,-2.2,,,,,,,,,,54.8,24.1,49.5,70.5,,,13090,4,3,4,3,1,,,,
2021,Calendar year,Local authority,E92000001,England,E12000005,West Midlands,884,E06000019,"Herefordshire, County of",16-17,3703,5.9,3.8,2.1,-3.3,0.9,-4.2,3697,89.1,82.8,5.2,1.1,-0.8,0.5,-1.5,0.2,97.3,1.4,,,,,,,,,,54.1,25.3,50.3,73.3,,,3972,4,4,4,1,4,,,,
2021,Calendar year,Regional,E92000001,England,E12000003,Yorkshire and The Humber,,,,16-17,118605,6.3,3,3.3,0.7,0,0.7,118602,92.2,84.5,5.2,2.5,0,1.9,-1.7,-0.2,95.3,-0.2,,,,,,,,,,52.4,27.2,48.3,68.8,,,123285,z,z,z,z,z,,,,
2021,Calendar year,Local authority,E92000001,England,E12000003,Yorkshire and The Humber,370,E08000016,Barnsley,16-17,4942,5.8,1.9,3.9,1.7,-0.6,2.2,5047,92.5,83.3,6.2,3,-0.4,2.1,-1.3,-1.2,99.8,-0.1,,,,,,,,,,48.4,24,46.1,66.6,,,5361,4,2,5,2,5,,,,
2021,Calendar year,Local authority,E92000001,England,E12000003,Yorkshire and The Humber,380,E08000032,Bradford,16-17,14530,6.6,3.8,2.8,2,0.9,1.1,14527,91.6,83.2,4.5,3.9,-1,1.5,-2,-0.6,94.8,0.1,,,,,,,,,,47.1,24.8,45.7,62.8,,,14800,4,4,4,2,2,,,,
2021,Calendar year,Local authority,E92000001,England,E12000003,Yorkshire and The Humber,381,E08000033,Calderdale,16-17,4934,3.9,3.1,0.9,0.9,0.8,0.1,4924,92.4,85.4,6.2,0.8,-0.1,1.6,-1.7,0.1,96.4,0.3,,,,,,,,,,56.8,27.3,52.3,74.8,,,4998,2,3,1,2,3,,,,
2021,Calendar year,Local authority,E92000001,England,E12000003,Yorkshire and The Humber,371,E08000017,Doncaster,16-17,6747,4.9,3.1,1.8,0.3,-0.3,0.5,6745,93.5,80,7.4,6.1,0.5,3.9,-2.3,-1.1,98.9,-0.5,,,,,,,,,,45.3,24,46.8,67.4,,,7045,3,3,3,3,5,,,,
2021,Calendar year,Local authority,E92000001,England,E12000003,Yorkshire and The Humber,811,E06000011,East Riding of Yorkshire,16-17,6773,4.1,2.6,1.6,-0.5,0,-0.5,6781,94.1,84.8,7.2,2.1,0,2.2,-1.6,-0.5,94.5,-1.7,,,,,,,,,,57.8,33,49.9,73.2,,,7299,2,3,3,4,2,,,,
2021,Calendar year,Local authority,E92000001,England,E12000003,Yorkshire and The Humber,810,E06000010,"Kingston upon Hull, City of",16-17,5780,5.3,4.8,0.6,-0.5,-0.6,0.2,5804,90.4,79.3,7.5,3.6,0.4,2.5,-2.7,0.6,97.4,0,,,,,,,,,,40.3,22.4,45.9,64.3,,,5391,3,5,1,1,4,,,,
2021,Calendar year,Local authority,E92000001,England,E12000003,Yorkshire and The Humber,382,E08000034,Kirklees,16-17,10663,4.1,2.6,1.5,1,0.4,0.5,10677,93.1,87.1,5.6,0.4,0.1,1.4,-1.3,0,96.7,0.1,,,,,,,,,,58.9,32,48.6,69.4,,,10624,2,3,3,3,3,,,,
2021,Calendar year,Local authority,E92000001,England,E12000003,Yorkshire and The Humber,383,E08000035,Leeds,16-17,16458,7.9,2.3,5.6,0.7,-0.1,0.8,16455,91.5,85.9,3.6,2,-1.1,0.8,-2.6,0.7,93.3,1.6,,,,,,,,,,51.1,25.2,47.6,67.7,,,16451,5,2,5,1,2,,,,
2021,Calendar year,Local authority,E92000001,England,E12000003,Yorkshire and The Humber,812,E06000012,North East Lincolnshire,16-17,3578,6.2,5.7,0.6,-0.3,-0.3,0.1,3568,90,81.1,6.3,2.6,2,4.5,-1.9,-0.6,95,-0.2,,,,,,,,,,47,31.1,43.2,63.5,,,3698,4,5,1,1,2,,,,
2021,Calendar year,Local authority,E92000001,England,E12000003,Yorkshire and The Humber,813,E06000013,North Lincolnshire,16-17,3725,5.1,2.3,2.8,0.9,0,0.9,3639,93.3,87.2,5.5,0.6,-1.6,-0.3,-1.5,0.1,87.5,-8.4,,,,,,,,,,51,22.9,47.6,71.3,,,3906,3,2,4,3,1,,,,
2021,Calendar year,Local authority,E92000001,England,E12000003,Yorkshire and The Humber,815,E10000023,North Yorkshire,16-17,11598,11.4,1.1,10.2,2.5,0.2,2.4,11574,93.3,87.4,4.2,1.6,1.9,1.4,0.3,0.2,94.3,-1.2,,,,,,,,,,62.1,32.3,51.9,75.4,,,13762,5,1,5,3,2,,,,
2021,Calendar year,Local authority,E92000001,England,E12000003,Yorkshire and The Humber,372,E08000018,Rotherham,16-17,6152,5.6,4,1.6,-0.1,0.3,-0.4,6142,91,81,5.1,4.9,-0.8,2.4,-2.4,-0.8,98.1,0.5,,,,,,,,,,45.4,28.1,48.1,68.6,,,5942,4,5,3,1,5,,,,
2021,Calendar year,Local authority,E92000001,England,E12000003,Yorkshire and The Humber,373,E08000019,Sheffield,16-17,11824,7.4,4,3.4,0.6,-0.2,0.9,11822,91.3,83.4,5,2.9,0.2,2.6,-2,-0.4,92.2,0.3,,,,,,,,,,52,25.1,47.7,65.7,,,12521,5,4,5,1,1,,,,
2021,Calendar year,Local authority,E92000001,England,E12000003,Yorkshire and The Humber,384,E08000036,Wakefield,16-17,7398,4.4,3,1.4,-1.3,-0.6,-0.7,7395,92.3,87.4,3.5,1.4,1.3,2.5,-0.8,-0.3,98.2,0.1,,,,,,,,,,52.6,29.3,48.8,69.7,,,7568,2,3,2,2,5,,,,
2021,Calendar year,Local authority,E92000001,England,E12000003,Yorkshire and The Humber,816,E06000014,York,16-17,3503,3,1.8,1.2,-0.5,-0.6,0.1,3502,93.7,86.4,5.9,1.4,0.1,1.7,-1,-0.7,96.8,0.7,,,,,,,,,,60,28.6,54,77.4,,,3919,1,1,2,3,4,,,,
2021,Calendar year,Regional,E92000001,England,,Region demo,,,,16-17,120000,4.2,3.3,1.3,-0.4,-0.5,-0.3,,92.3,87.4,2.6,2.3,-0.4,-0.1,-0.5,-0.3,97.2,0.4,,4.5,,13.2,,11.5,,,20.9,61,29.1,50.2,78.9,7.5,20.3,121000,,,,,,,,,
2021,Calendar year,Local authority,E92000001,England,,Region demo,,,LA demo,16-17,6595,4.5,3.6,0.9,0.5,0.4,0.2,,96.5,89.1,3.2,4.2,-0.2,0.3,0.2,-0.1,97.5,-0.2,,3.7,,15.7,,10.1,,,18.2,65.2,30.7,55.6,79.9,8.2,22.3,4237,,,,,,,,,
