time_period,time_identifier,geographic_level,country_code,country_name,region_code,region_name,old_la_code,new_la_code,la_name,Age,Cohort_DJFavg,NEET_not_known_percent,NEET_percent,Notknown_percent,annual_change_ppts_NEET_not_known,annualchange_NEET,annualchange_notknown,cohort_March,TOTAL_participating_in_education_and_training_percent,Full_time_education_percent,Apprenticeship_percent,Other_education_and_training_percent,annual_change_Participation_in_education_training,annual_change_FTE,annual_change_apprenticeship,annual_change_other_education_training,September_guarantee_Offer_made_percent,September_guarantee_annual_change_ppts,cohort_noSEN_percent,NEET_NK_noSEN_percent,cohort_EHCP_percent,NEET_NK_EHCP_percent,cohort_SENDsupport_percent,NEET_NK_SENDsupport_percent,VG_cohort_DJF_avg,VG_cohort_percentage,VG_NEET_NK_percentage,Level_3,L2_em_GCSE_othL2,avg_att8,pt_l2basics_94,sess_overall_percent,enrolments_pa_10_exact_percent,NEET_NK_quintile,NEET_quintile,Notknown_quintile,Participation_ET_quintile,Sep_guarantee_quintile
2023,Calendar year,National,E92000001,England,,,,,,16-17,1236365,5.2,2.8,2.4,0.5,0.3,0.3,1239179,92.3,85.7,4.7,1.9,-0.7,-0.9,0.2,0,94.6,-0.9,87.5,4.6,4.7,10.1,7.8,9.3,30940,2.5,25.8,60.7,36.7,48.9,69,9,21.9,z,z,z,z,z
2023,Calendar year,Regional,E92000001,England,E12000004,East Midlands,,,,16-17,105342,4.9,2.4,2.5,0.3,-0.2,0.5,105545,94.2,87.7,4.1,2.3,0.3,0.7,-0.3,-0.2,89.7,-6.9,91.3,4.6,4.1,9.6,4.5,7.1,1510,1.4,27.9,57,35.4,47.7,67.8,9,22.1,z,z,z,z,z
2023,Calendar year,Local authority,E92000001,England,E12000004,East Midlands,831,E06000015,Derby,16-17,6240,4.3,4.2,0.1,-1.2,-0.3,-0.9,6240,91.3,81.6,5.3,4.4,0.9,1.9,-0.9,0,97,2.7,88.6,3.8,5.4,10.9,6.1,6.7,137,2.2,40.5,50.5,35.2,44.8,61.2,8.8,21.5,3,5,1,2,4
2023,Calendar year,Local authority,E92000001,England,E12000004,East Midlands,830,E10000007,Derbyshire,16-17,16188,2.5,1.8,0.7,0.1,0.1,-0.1,16175,95.2,85,6.8,3.4,-1.4,-1,0.3,-0.7,96.1,-1.9,95.3,2.4,4.7,4.6,0,35.3,347,2.1,16.7,58.1,37,47.3,67.8,9.6,22.7,1,2,2,4,3
2023,Calendar year,Local authority,E92000001,England,E12000004,East Midlands,856,E06000016,Leicester,16-17,9701,6.8,4.9,1.9,-2.1,0.5,-2.7,9688,91.5,85.5,3.6,2.3,0.6,0.1,1.1,-0.6,95.9,0.5,95.5,6.3,4.3,17.6,0.2,5.3,170,1.8,44.4,55.6,38,46.3,63.7,7.8,21.5,5,5,4,2,3
2023,Calendar year,Local authority,E92000001,England,E12000004,East Midlands,855,E10000018,Leicestershire,16-17,14452,3.7,0.8,2.9,0.4,-0.5,0.9,14501,96,92.5,2.9,0.5,-0.3,0.2,-0.2,-0.3,95.7,-0.5,86.6,3.2,4.4,10.8,9,4.7,38,0.3,37.4,61.5,37.4,48.9,72.1,8.9,22.2,2,1,4,5,3
2023,Calendar year,Local authority,E92000001,England,E12000004,East Midlands,925,E10000019,Lincolnshire,16-17,16465,7.2,2,5.2,1.9,-0.9,2.7,16456,92.3,83.7,4.4,4.2,-0.4,0.6,-1,0,92.1,-2.8,94.8,7.3,5.2,5.9,0,c,146,0.9,22.4,56.7,37.8,48.6,67.6,9.5,21.5,5,2,5,3,1
2023,Calendar year,Local authority,E92000001,England,E12000004,East Midlands,892,E06000018,Nottingham,16-17,6841,5.1,4.7,0.4,0.5,0.5,-0.1,6890,92.5,85.7,2.7,4.1,0.5,-0.3,0.3,0.5,90.2,-5.4,86.4,4.2,3.5,16.9,10.1,9.4,159,2.3,28.7,48.2,30,44.5,61,8.9,22.5,4,5,1,3,1
2023,Calendar year,Local authority,E92000001,England,E12000004,East Midlands,891,E10000024,Nottinghamshire,16-17,17237,7.7,2,5.7,1.3,-0.5,1.7,17366,95.2,90.6,3.4,1.3,2.1,2.8,-0.8,0.1,61.1,-35.8,91.9,7.3,2.2,15.5,5.9,11.6,131,0.8,34,56.4,31,49,70.2,9,22.5,5,2,5,4,1
2023,Calendar year,Local authority,E92000001,England,E12000004,East Midlands,857,E06000017,Rutland,16-17,653,1.4,0.9,0.6,0,0.7,-0.6,649,98.3,94.3,3.2,0.8,0.5,-0.3,0.3,0.5,97.3,-0.7,96.9,1.4,3.1,3.3,z,z,0,0,z,69,37.5,55.7,81.3,7.5,19.4,1,1,2,5,4
2023,Calendar year,Local authority,E92000001,England,E12000004,East Midlands,940,E06000061,North Northamptonshire,16-17,8109,2.6,2.1,0.5,0.2,0.4,-0.2,8115,95,90.1,3.7,1.1,0.3,1,-0.7,0,98.6,0.2,86.6,2.1,4.4,7.8,8.9,5.1,177,2.2,24.2,55.7,33.1,46.2,64.3,9.8,22,1,2,1,4,5
2023,Calendar year,Local authority,E92000001,England,E12000004,East Midlands,941,E06000062,West Northamptonshire,16-17,9458,2.2,1.6,0.5,-0.1,-0.1,-0.1,9465,96.1,92.1,3.6,0.4,0.6,1.3,-0.4,-0.3,98.7,0,89.6,1.8,3.7,7.4,6.7,4.3,204,2.2,25.5,60.4,37.2,48.2,70.4,8.8,21.8,1,1,1,5,5
2023,Calendar year,Regional,E92000001,England,E12000006,East of England,,,,16-17,138023,4.2,3.1,1.1,0.3,0.3,0,138456,91.6,85.9,4.4,1.3,-0.6,-1,0.4,0,95.6,-0.2,85.4,3.5,4.6,8.8,10,7.8,3420,2.5,28.5,62.1,35.8,49.1,69.9,9,21.5,z,z,z,z,z
2023,Calendar year,Local authority,E92000001,England,E12000006,East of England,822,E06000055,Bedford,16-17,4067,3.7,1.8,1.9,-0.9,-0.1,-0.9,4064,95.3,88.5,4.6,2.2,1.7,-2.3,2.2,1.8,95.8,-0.5,85.8,3.3,5,4.5,9.2,7.2,40,1,28.6,61,38.6,47.2,67.8,8.8,20.1,2,2,4,5,3
2023,Calendar year,Local authority,E92000001,England,E12000006,East of England,873,E10000003,Cambridgeshire,16-17,13305,2.7,2.5,0.2,-0.2,-0.1,-0.1,13311,92.9,86.5,4.2,2.2,0.1,-0.6,0.9,-0.1,96,-0.6,85.1,2,5.3,7.5,9.7,5.8,396,3,27.4,63,38.6,51.7,72.6,9.2,22.4,1,3,1,3,3
2023,Calendar year,Local authority,E92000001,England,E12000006,East of England,823,E06000056,Central Bedfordshire,16-17,6308,3.2,2.6,0.6,-0.4,0.2,-0.6,6327,93.1,87.6,4.9,0.7,-0.1,-0.7,0.7,-0.1,94.9,-0.9,86.7,2.8,4.7,7.9,8.6,4.4,65,1,28.6,61.4,32.6,46.4,67.9,8.1,20.5,2,3,2,3,2
2023,Calendar year,Local authority,E92000001,England,E12000006,East of England,881,E10000012,Essex,16-17,33435,5.2,3.4,1.7,1,0.8,0.2,33496,90.6,84.6,4.6,1.4,-1.7,-1.8,0.2,-0.1,94.1,-1.2,88.1,4.5,4,7.8,7.9,11.8,716,2.1,36.2,60.9,34.8,47.9,68.2,9,22.1,4,4,4,2,2
2023,Calendar year,Local authority,E92000001,England,E12000006,East of England,919,E10000015,Hertfordshire,16-17,27365,3.3,2.3,1,0.3,0.1,0.2,27385,93.2,89.7,3,0.5,-0.6,-0.5,0.2,-0.3,96.1,-0.8,83.5,2.7,4,8.9,12.5,5.4,841,3.1,22.3,70.5,37.5,53.3,75.6,8.3,20.7,2,3,3,3,3
2023,Calendar year,Local authority,E92000001,England,E12000006,East of England,821,E06000032,Luton,16-17,6131,3.7,2.7,1,0.6,0.4,0.2,6141,94.9,92.3,1.6,1.1,-0.5,-0.7,0.1,0.2,97.6,0.5,89.1,3.5,3.7,4.4,7.2,5.9,90,1.5,31.1,60.7,39.1,46,64.2,8.7,19,2,3,3,4,4
2023,Calendar year,Local authority,E92000001,England,E12000006,East of England,926,E10000020,Norfolk,16-17,18004,5.2,3.8,1.4,0.3,-0.1,0.4,18040,87.5,80.7,6,0.8,-0.6,-1.3,0.5,0.2,95.1,2.1,83.4,4.4,6,10.8,10.6,8.3,380,2.1,26.9,55.7,33.6,47.1,67.6,10.2,22.7,4,4,3,1,2
2023,Calendar year,Local authority,E92000001,England,E12000006,East of England,874,E06000031,Peterborough,16-17,5127,4.9,4.4,0.5,-0.1,0.8,-0.9,5268,91.3,87.1,2.8,1.4,0.2,0.5,0.1,-0.4,95.8,0.9,82.2,3.7,4.1,8.2,13.7,10.6,98,1.9,42.3,52.6,34,46.2,64.7,9.3,20.4,3,5,1,2,3
2023,Calendar year,Local authority,E92000001,England,E12000006,East of England,882,E06000033,Southend-on-Sea,16-17,3957,3.3,2,1.3,-0.4,0.3,-0.7,3961,95,92.8,1.6,0.6,-0.2,-0.4,0.2,0,98.8,2.7,84.6,2.8,4.8,2.1,10.6,8.2,155,3.9,12,69.7,30,56.3,76,8,20.8,2,2,3,4,5
2023,Calendar year,Local authority,E92000001,England,E12000006,East of England,935,E10000029,Suffolk,16-17,15729,5.1,4.3,0.9,0.1,0.6,-0.5,15861,90,81.6,6.1,2.2,-0.8,-1.1,0.5,-0.1,95.1,-0.7,82.9,4.2,5.3,14,11.9,7.9,602,3.8,32.2,59,38.9,46.7,68,9.8,22.1,4,5,2,1,2
2023,Calendar year,Local authority,E92000001,England,E12000006,East of England,883,E06000034,Thurrock,16-17,4594,2.8,2.8,0,0.8,0.8,0,4602,94.9,86.3,4.7,3.9,0.4,-1.2,-0.1,1.8,100.2,0.2,90.7,2.4,4.6,5.6,4.7,8.1,38,0.8,18.3,55.9,28.7,45.9,65,7.7,20.4,1,3,1,4,5
2023,Calendar year,Regional,E92000001,England,E12000007,London,,,,16-17,189141,3.4,1.6,1.8,-0.1,0.1,-0.2,189458,96,93.3,1.7,1,-0.2,-0.2,0,0,96.7,0.1,86.9,3,4.3,5.4,8.8,5.8,2920,1.5,21.3,70.9,40.2,52.7,74.3,7.4,19.8,z,z,z,z,z
2023,Calendar year,Local authority,E92000001,England,E12000007,London,301,E09000002,Barking and Dagenham,16-17,6874,2.9,2.8,0.1,0,0.2,-0.2,6898,96,93.7,1.9,0.4,-0.1,-0.3,0.2,0,98.7,1.2,95.8,2.7,2.9,7.7,1.3,4.5,78,1.1,26.2,65.3,35.9,49.3,68.5,7.1,19.5,1,3,1,5,5
2023,Calendar year,Local authority,E92000001,England,E12000007,London,302,E09000003,Barnet,16-17,8348,0.9,0.8,0.2,-0.5,0,-0.5,8382,98.6,96.2,1.3,1.1,0.2,0,0.1,0.2,99.4,0.3,84.3,0.7,4,3.5,11.7,1.3,57,0.7,15.9,78.3,46.2,58.1,80.5,7.2,18.3,1,1,1,5,5
2023,Calendar year,Local authority,E92000001,England,E12000007,London,303,E09000004,Bexley,16-17,6058,2.4,2,0.4,0,0.1,-0.1,6087,95.1,88,5.5,1.7,-1.1,-2,0.6,0.2,98.1,0,89.5,2,5.6,6.2,4.8,4.8,80,1.3,17.5,62.7,35.9,52.3,71.9,7.8,21.3,1,2,1,4,5
2023,Calendar year,Local authority,E92000001,England,E12000007,London,304,E09000005,Brent,16-17,8173,2.3,1.4,0.9,-0.1,0,0,8175,96.7,94.2,1,1.5,-0.6,-0.5,0,0,97.5,0,85.1,2,4,3.5,10.9,4.3,96,1.2,18,72,41.7,52.4,72.8,7,18.2,1,1,3,5,4
2023,Calendar year,Local authority,E92000001,England,E12000007,London,305,E09000006,Bromley,16-17,7140,1.6,1.2,0.4,0.1,0,0.1,7145,97.6,91.4,3.4,2.8,0.1,-1.1,0.5,0.7,98.5,-0.1,81.8,1.2,4.3,3.9,13.9,3,115,1.6,19.7,67.4,34.3,53.9,77.3,8.1,21,1,1,1,5,5
2023,Calendar year,Local authority,E92000001,England,E12000007,London,202,E09000007,Camden,16-17,3261,2.5,1.9,0.6,-0.9,-0.1,-0.8,3261,95.8,94.4,0.8,0.5,0.6,0.5,0.1,-0.1,98.5,0.1,82.4,2,4.7,5.4,12.9,5.1,53,1.6,20.3,74.8,46.7,52.4,75.1,8.6,20.6,1,2,2,5,5
2023,Calendar year,Local authority,E92000001,England,E12000007,London,306,E09000008,Croydon,16-17,9554,4.8,1.6,3.2,-0.2,-0.3,0.2,9588,94.9,92,1.5,1.4,0,0.4,0,-0.4,95.6,0,85.3,4.4,4.7,5.1,10,7.8,421,4.4,20.2,66.7,39.4,47.6,67.9,8.2,21,3,1,4,4,2
2023,Calendar year,Local authority,E92000001,England,E12000007,London,307,E09000009,Ealing,16-17,8653,2.4,1.1,1.3,0.4,0.3,0,8683,97.4,96,1.1,0.3,-0.7,-0.4,-0.1,-0.2,97.4,1.6,87.4,2.1,3.8,4.2,8.8,4.6,102,1.2,12.1,76.8,43.5,53.7,76.7,6.9,18.8,1,1,3,5,4
2023,Calendar year,Local authority,E92000001,England,E12000007,London,308,E09000010,Enfield,16-17,8939,5.7,1.6,4.1,0.1,0.7,-0.6,8947,93.7,92.2,1,0.5,-1.7,-1.1,-0.5,-0.1,96.8,1.9,91.8,5.4,4.6,4.3,3.6,14.1,20,0.2,32.2,65.2,39,48.6,67.5,7.8,19.7,4,1,5,4,3
2023,Calendar year,Local authority,E92000001,England,E12000007,London,203,E09000011,Greenwich,16-17,6470,3.3,2.3,1,-0.5,0,-0.5,6486,95.4,90.5,3.2,1.6,0.1,-0.8,0.5,0.4,98.2,0.5,94.3,3,4.4,7.8,1.3,9,130,2,20.2,64.8,39.6,49.4,69.8,7.8,21.4,2,3,3,5,5
2023,Calendar year,Local authority,E92000001,England,E12000007,London,204,E09000012,Hackney,16-17,5385,2.4,1.6,0.8,-0.2,-0.1,-0.1,5387,95.9,94,0.6,1.2,-0.7,-0.6,-0.4,0.2,98,0.4,79.2,1.9,5.6,5.2,15.2,3.9,46,0.8,29.2,72,39,51.9,73.6,7.6,20.6,1,1,2,5,4
2023,Calendar year,Local authority,E92000001,England,E12000007,London,205,E09000013,Hammersmith and Fulham,16-17,2676,4.1,1,3.1,-5.1,0.3,-5.4,2672,96.1,94,1.4,0.7,3,2.9,-0.1,0.3,83.2,15.9,85,3.6,5.3,8,9.7,6.7,14,0.5,19,74.3,38.8,57.4,80,7.5,20.2,3,1,4,5,1
2023,Calendar year,Local authority,E92000001,England,E12000007,London,309,E09000014,Haringey,16-17,5439,4.8,1.9,2.8,-0.9,0.6,-1.5,5414,94.9,93.8,0.6,0.4,0.4,1,-0.2,-0.4,95,2.7,95,4.7,4.8,5.9,0.3,7.1,55,1,32.9,67.1,33.9,50.5,70.2,8,20.2,3,2,4,4,2
2023,Calendar year,Local authority,E92000001,England,E12000007,London,310,E09000015,Harrow,16-17,5924,1.7,0.8,0.8,-0.3,-0.3,0.1,5932,97.5,96.3,0.7,0.5,-0.5,0.2,-0.3,-0.4,98.2,0,85.9,1.4,4.4,3,9.7,3.7,50,0.8,19.5,80,46.3,54.2,74.8,7,18.4,1,1,2,5,5
2023,Calendar year,Local authority,E92000001,England,E12000007,London,311,E09000016,Havering,16-17,6198,2.4,1.5,0.9,-0.3,-0.2,-0.1,6219,94.5,89.3,3.7,1.5,-1.1,-0.9,-0.2,0.1,98.1,0,94.4,2.3,2.9,7,2.7,1.8,101,1.6,13.2,64.5,36.9,50.3,71.6,7.7,20.3,1,1,2,4,5
2023,Calendar year,Local authority,E92000001,England,E12000007,London,312,E09000017,Hillingdon,16-17,7619,5.6,1.3,4.3,0.3,0.9,-0.5,7612,95.8,92.7,2.4,0.7,-0.1,0.3,-0.5,0.1,93.8,-3,86.9,4.9,4.3,11.1,8.7,9.8,74,1,27.9,67.7,38.5,51.8,74.9,8,20.2,4,1,5,5,2
2023,Calendar year,Local authority,E92000001,England,E12000007,London,313,E09000018,Hounslow,16-17,6581,5.6,1.6,4,2.3,-0.1,2.4,6568,94.4,92.1,1.6,0.6,-1.9,-2,0.1,0,83,-13.7,84.6,5.1,4.4,8.3,11,8.2,111,1.7,38.9,74.9,46.9,52.6,75.2,7.3,19.2,4,1,5,4,1
2023,Calendar year,Local authority,E92000001,England,E12000007,London,206,E09000019,Islington,16-17,3432,4.5,1.9,2.6,-0.2,0,-0.2,3445,93.8,91.2,1.5,1.2,0.4,0.3,0.1,0,96.7,-0.6,82,3.8,4.4,2.9,13.6,9.2,10,0.3,26.7,66.9,35.8,49.9,70.5,8.6,21.8,3,2,4,4,3
2023,Calendar year,Local authority,E92000001,England,E12000007,London,207,E09000020,Kensington and Chelsea,16-17,1413,3.6,2.5,1.1,0.1,0.1,0,1410,95.2,93.3,1.3,0.6,0.4,0.4,0,0.1,98.5,-0.2,85.2,2.9,3.9,5.5,10.9,8.4,7,0.5,42.9,74,39.2,53.6,79.7,7.7,19.6,2,3,3,4,5
2023,Calendar year,Local authority,E92000001,England,E12000007,London,314,E09000021,Kingston upon Thames,16-17,3476,1.9,1.2,0.8,-0.3,-0.5,0.2,3504,97.5,95,1.5,0.9,0.1,0.4,-0.2,-0.2,98,-0.1,85.1,1.3,6,5.9,8.9,5,48,1.4,27.3,77.6,45.9,60.2,82.5,7.3,19.7,1,1,2,5,4
2023,Calendar year,Local authority,E92000001,England,E12000007,London,208,E09000022,Lambeth,16-17,5599,4.1,1.4,2.7,0,-0.2,0.2,5582,95.7,93.8,1,0.9,0.1,0.6,0.2,-0.7,97.3,2,79.4,3.4,5,4.5,15.6,7.5,9,0.2,26.9,63.3,34,46.3,66.1,7.4,20.5,3,1,4,5,4
2023,Calendar year,Local authority,E92000001,England,E12000007,London,209,E09000023,Lewisham,16-17,6584,7.8,1.5,6.3,2.8,0.4,2.5,6600,94.5,91.8,1.5,1.2,-0.7,-1.1,-0.1,0.5,95.6,-2.7,88.3,8,4.1,7.1,7.5,6.5,98,1.5,30.2,64.8,35.9,47.8,66.6,7,20.1,5,1,5,4,2
2023,Calendar year,Local authority,E92000001,England,E12000007,London,315,E09000024,Merton,16-17,4434,1.9,1.1,0.7,-0.3,0.1,-0.3,4450,96.9,94.7,1.6,0.5,-0.4,0.3,-0.1,-0.6,97.5,0.1,79.8,1.4,7.2,2.4,13,4.6,79,1.8,21.5,68.9,44.1,53.6,76,7.3,18.9,1,1,2,5,4
2023,Calendar year,Local authority,E92000001,England,E12000007,London,316,E09000025,Newham,16-17,9136,3.7,2,1.8,0.2,0.1,0,9192,95.8,93.6,1.4,0.8,-0.6,-0.8,0.3,-0.1,96.6,0.9,88.2,3.2,2.3,11.8,9.5,6.7,93,1,28.9,70.7,41.4,53.8,76.3,6.9,19.6,2,2,4,5,3
2023,Calendar year,Local authority,E92000001,England,E12000007,London,317,E09000026,Redbridge,16-17,8045,3.1,2.2,1,0.2,0.4,-0.3,8090,96,94.6,1,0.5,-0.2,-0.2,0,-0.1,97.5,2.9,91.8,2.8,3.7,9.5,4.4,4.1,245,3,26.5,79.9,46.4,56.5,79,6.8,17.5,1,2,3,5,4
2023,Calendar year,Local authority,E92000001,England,E12000007,London,318,E09000027,Richmond upon Thames,16-17,3329,1.9,1,0.9,-0.3,-0.1,-0.3,3349,97.7,95.1,1.5,1.1,0.2,0.2,-0.1,0.1,97.2,0.2,81.5,1.5,5.4,4.4,13.1,3.2,40,1.2,12.4,73.9,40.3,58,83,8.1,20.6,1,1,2,5,4
2023,Calendar year,Local authority,E92000001,England,E12000007,London,210,E09000028,Southwark,16-17,5802,2.6,1.1,1.5,-0.4,-0.5,0.2,5783,97.2,93.7,1.6,1.9,0.1,-0.4,0.1,0.4,99.3,0.2,79.7,2.4,4.5,1.7,15.8,4.2,14,0.2,19,72,40.2,53.6,75.4,6.9,20.6,1,1,3,5,5
2023,Calendar year,Local authority,E92000001,England,E12000007,London,319,E09000029,Sutton,16-17,4959,2.2,0.8,1.4,-1.6,0,-1.6,4982,96.8,93,2.9,0.9,0.8,1.5,-0.3,-0.4,98.2,-0.1,82,1.6,3.7,2.6,14.3,5.5,115,2.3,16,74.8,38.1,61,82,7.5,19.1,1,1,3,5,5
2023,Calendar year,Local authority,E92000001,England,E12000007,London,211,E09000030,Tower Hamlets,16-17,6576,3.6,3,0.6,0.2,0.8,-0.6,6592,95.2,92.2,1.5,1.4,-0.2,-1,0.3,0.5,97.3,0.5,88.1,2.9,5.3,4.3,6.6,12,288,4.4,18.5,76.7,45.9,49.8,71.2,5.9,18.8,2,3,2,4,4
2023,Calendar year,Local authority,E92000001,England,E12000007,London,320,E09000031,Waltham Forest,16-17,6089,2.1,0.8,1.3,-0.5,0,-0.5,6086,97.4,95.9,0.9,0.6,1.1,1,0.1,0,99.6,0.2,96.2,2.1,2.1,1.5,1.6,2.3,231,3.8,11.3,70.4,42,48.2,68.9,7.9,19.3,1,1,3,5,5
2023,Calendar year,Local authority,E92000001,England,E12000007,London,212,E09000032,Wandsworth,16-17,4306,3.5,1.8,1.7,-0.2,0.2,-0.5,4286,96.2,94.6,0.9,0.7,0.5,0.7,-0.1,-0.2,97.7,-0.2,80.8,3,6.6,6.4,12.5,5.3,35,0.8,21.9,68.7,41.2,54,77.3,7.1,21.2,2,2,4,5,4
2023,Calendar year,Local authority,E92000001,England,E12000007,London,213,E09000033,Westminster,16-17,2611,3.3,2.3,1,0,0.1,-0.1,2597,96.2,94.9,0.7,0.6,0,0.1,-0.2,0.1,98.5,0.1,81.3,2,4.8,1.6,13.9,11.1,7,0.3,57.1,75,44.2,57.3,81.8,7.9,19.4,2,2,3,5,5
2023,Calendar year,Regional,E92000001,England,E12000001,North East,,,,16-17,57905,5.2,4.7,0.5,-0.1,0.1,-0.3,58034,90.5,79.8,6.7,4,-0.9,-0.2,-0.6,-0.1,95.5,-0.3,89,4.5,4.9,12.8,6.1,9.8,2310,4,28.5,53.9,32.7,46.9,65.8,9.8,22.7,z,z,z,z,z
2023,Calendar year,Local authority,E92000001,England,E12000001,North East,841,E06000005,Darlington,16-17,2413,3.8,2.6,1.3,-0.6,-0.3,-0.3,2414,91.6,84.3,5.9,1.4,-0.5,0.9,0.7,-2,91.8,-4.9,81.9,3.6,4.6,6.3,13.6,4.5,15,0.6,13.3,55.8,37.6,47.5,66.4,8.7,20.1,2,3,3,2,1
2023,Calendar year,Local authority,E92000001,England,E12000001,North East,390,E08000037,Gateshead,16-17,3930,4.7,4.4,0.3,-0.3,-0.3,0,3936,91.8,82.5,6.4,2.8,0.4,2.4,-0.7,-1.2,92.8,0.6,94.5,4.3,5.4,12.1,0.1,c,69,1.8,19.8,56.6,36.5,49.7,70.3,10.8,25,3,5,1,2,1
2023,Calendar year,Local authority,E92000001,England,E12000001,North East,805,E06000001,Hartlepool,16-17,2306,3.9,3.9,0,0.1,0.2,0,2311,92.9,84.2,5.2,3.5,-1.1,-1.1,-0.6,0.6,97.1,0.1,95.9,3.6,4,10.4,0.1,c,71,3.1,28.5,52.4,34.4,45,65.4,9.9,24,2,4,1,3,4
2023,Calendar year,Local authority,E92000001,England,E12000001,North East,806,E06000002,Middlesbrough,16-17,3344,4.4,4.1,0.3,-1.2,-0.8,-0.4,3360,93.9,82.1,2.4,9.4,0.2,1.3,-1.5,0.4,96.7,0.5,78.9,3.5,4.4,7,16.7,7.7,41,1.2,34.7,47.8,29,43,59.7,11.4,24.2,3,4,1,4,3
2023,Calendar year,Local authority,E92000001,England,E12000001,North East,391,E08000021,Newcastle upon Tyne,16-17,6029,6.6,5.8,0.8,-0.2,1,-1.1,6030,90,80.5,5,4.4,-1.2,-1.4,0.2,0,93.4,-1.6,85.2,5.2,4,21.3,10.8,12.6,249,4.1,41,52,27.8,46.9,63.7,11.1,25.8,4,5,2,1,1
2023,Calendar year,Local authority,E92000001,England,E12000001,North East,392,E08000022,North Tyneside,16-17,4782,5,3.4,1.6,0.7,0.4,0.3,4790,92,80.6,8.4,3.1,-1.5,0,-1.8,0.2,95.5,-1,91.5,4.4,6,12.7,2.4,9.7,395,8.3,22.8,59.5,33.9,48.5,69,8.1,20,3,4,3,3,2
2023,Calendar year,Local authority,E92000001,England,E12000001,North East,929,E06000057,Northumberland,16-17,6439,5.1,4.6,0.5,-0.5,0.1,-0.6,6446,90.4,78.1,9.4,2.9,-0.3,-1.9,1.1,0.6,97.2,0.4,91.8,4.5,6.4,15.8,1.9,0,296,4.6,28.1,59.8,36,46.8,66.4,9,21.2,4,5,1,2,4
2023,Calendar year,Local authority,E92000001,England,E12000001,North East,807,E06000003,Redcar and Cleveland,16-17,3175,6.5,6.5,0,0.7,0.7,0,3217,89.7,77,6.7,6.1,-0.7,1.7,-2.2,-0.2,96.1,-0.5,82.2,4.5,6.6,16.4,11.2,15.5,96,3,40.1,55.9,37.7,47.6,69.8,9.8,23.6,4,5,1,1,3
2023,Calendar year,Local authority,E92000001,England,E12000001,North East,393,E08000023,South Tyneside,16-17,3226,5.9,5.8,0.1,1,1.2,-0.2,3230,89.2,78.3,7.2,3.7,-2.1,-1.2,-0.2,-0.8,91.2,-1.3,84.7,4.8,6,12.5,9.3,12.2,66,2.1,52.3,52.9,33.8,43.1,60.9,8.9,20.7,4,5,1,1,1
2023,Calendar year,Local authority,E92000001,England,E12000001,North East,808,E06000004,Stockton-on-Tees,16-17,4670,5.4,5.2,0.1,0.1,0.1,0,4671,92,80.4,5.5,6.1,0.4,2.3,-0.6,-1.4,96.8,0.4,91.6,4.5,5.3,15.1,3,14.7,196,4.2,26.5,57.4,32.8,49.2,71.7,9.5,22.2,4,5,1,3,3
2023,Calendar year,Local authority,E92000001,England,E12000001,North East,394,E08000024,Sunderland,16-17,6350,4.8,4.4,0.4,-0.6,-0.4,-0.2,6352,90.3,79.7,7,3.5,-0.3,-0.2,0,-0.1,96.4,1.2,97.1,4.9,2.8,2.8,0.1,c,156,2.5,26.8,49.7,30.9,46,62.3,10.2,22.8,3,5,1,2,3
2023,Calendar year,Local authority,E92000001,England,E12000001,North East,840,E06000047,County Durham,16-17,11242,5.3,4.8,0.5,-0.3,-0.1,-0.2,11277,87.9,77.6,7.1,3.2,-2.3,-1.5,-1.4,0.6,96.6,0,87.1,4.7,4.6,11.4,8.3,8.5,655,5.8,25.1,50,30.9,47.3,65.1,10.1,21.8,4,5,2,1,3
2023,Calendar year,Regional,E92000001,England,E12000002,North West,,,,16-17,169613,5.3,3.5,1.8,0.4,0.4,0,169988,91.4,82.3,6.5,2.5,-0.9,-1.6,0.6,0.1,95,-0.7,89.5,4.7,4.6,11.4,5.9,9,6040,3.6,26.4,58.1,37.8,47.2,66.2,9.2,22.3,z,z,z,z,z
2023,Calendar year,Local authority,E92000001,England,E12000002,North West,889,E06000008,Blackburn with Darwen,16-17,4502,4.3,3.5,0.9,0.5,0.4,0.1,4503,92.8,84.8,6.3,1.7,-0.8,-0.8,0.3,-0.3,96.5,-1.4,90.5,3.7,3.3,8.2,6.2,11.5,94,2.1,26.9,63.8,41,46.8,67.7,8.7,21.1,3,4,2,3,3
2023,Calendar year,Local authority,E92000001,England,E12000002,North West,890,E06000009,Blackpool,16-17,2779,11.1,7,4,4.4,2.4,2,2770,78.5,70.2,5.2,3.1,-8.2,-5.6,-0.3,-2.3,81.4,-3.9,74.7,9.4,4.5,10.1,20.8,17.2,57,2.1,41.9,46.9,35.4,38,51.4,9.7,22.5,5,5,5,1,1
2023,Calendar year,Local authority,E92000001,England,E12000002,North West,350,E08000001,Bolton,16-17,7641,4.4,3.8,0.6,-0.3,0,-0.3,7682,91.9,85.1,4.5,2.3,0,-1.2,1.1,0.1,99.2,0.3,94.1,3.8,3.7,13.6,2.2,11.1,317,4.1,32.1,58.3,33.7,46.3,65.8,8,21.1,3,4,2,3,5
2023,Calendar year,Local authority,E92000001,England,E12000002,North West,351,E08000002,Bury,16-17,4594,3.9,3.9,0,0.4,0.5,-0.1,4602,91.9,84.2,5.4,2.3,-0.5,-0.6,0,0.1,98,0.1,85.5,2.8,5.2,12.3,9.3,9.8,232,5,20.4,61.5,47.2,46.3,66.4,8.8,21.4,2,4,1,3,4
2023,Calendar year,Local authority,E92000001,England,E12000002,North West,895,E06000049,Cheshire East,16-17,7716,2.7,2.5,0.2,0.7,0.6,0.1,7742,94.9,88.1,4.1,2.8,-1.4,-0.5,0.2,-1.1,99.2,0.1,93.8,2.1,6.2,10.5,z,z,148,1.9,23.9,68.8,40.5,50.5,72.8,9.3,22.3,1,3,1,4,5
2023,Calendar year,Local authority,E92000001,England,E12000002,North West,896,E06000050,Cheshire West and Chester,16-17,7263,4.5,3.8,0.8,0,0.8,-0.9,7292,91.8,84.5,5.5,1.8,-0.8,-1.9,0.9,0.3,83.4,-8.6,89.8,3.9,5.5,10,4.7,10.6,261,3.6,35.5,61.4,36.2,48.4,67.8,9.5,22.1,3,4,2,2,1
2023,Calendar year,Local authority,E92000001,England,E12000002,North West,909,E10000006,Cumbria,16-17,10206,3.3,2.2,1.2,0,0,-0.1,10220,91.5,75.2,12.9,3.5,-0.5,-3.1,1.7,0.9,97.9,0.3,85.6,2.9,5,6.5,9.4,5.9,260,2.5,21.6,52.5,36.3,47.5,67.3,9.7,21.8,2,2,3,2,4
2023,Calendar year,Local authority,E92000001,England,E12000002,North West,876,E06000006,Halton,16-17,3255,4.9,4.4,0.5,1.6,1.4,0.1,3258,88.5,78.5,6,3.9,-2.2,-1.1,-1.1,0,96,-0.6,82.9,3.3,4.8,15.6,12.3,11.4,214,6.6,32.4,55.7,39.3,46.1,63.1,9.8,22.4,3,5,1,1,3
2023,Calendar year,Local authority,E92000001,England,E12000002,North West,340,E08000011,Knowsley,16-17,3843,6,5,1,0.1,-0.1,0.1,3867,89,79.5,6.7,2.8,-0.5,-1.5,0.4,0.6,97.8,-0.7,91.3,5.4,6,10.8,2.8,14.7,155,4,36.3,36.4,25.5,36.1,46.2,12.5,24.4,4,5,3,1,4
2023,Calendar year,Local authority,E92000001,England,E12000002,North West,888,E10000017,Lancashire,16-17,28428,5.3,2.6,2.7,0.1,0.1,0,28467,92.7,79,11.1,2.6,-0.3,-2.4,1.6,0.5,91.9,-1.8,94.4,5.2,1.8,11.7,3.7,5,557,2,17.6,60.6,39.3,47.6,67.5,8.8,21.5,4,3,4,3,1
2023,Calendar year,Local authority,E92000001,England,E12000002,North West,341,E08000012,Liverpool,16-17,10372,8.5,5.1,3.4,1,0.7,0.3,10380,88.2,79.5,4.9,3.8,-1,-0.9,0.7,-0.8,94.2,-1.1,82,7.7,5.3,16.8,12.7,10.3,560,5.4,28.6,52.9,35.7,45.3,61.9,10.5,24.4,5,5,5,1,2
2023,Calendar year,Local authority,E92000001,England,E12000002,North West,352,E08000003,Manchester,16-17,13813,5.6,3.4,2.2,0,0.5,-0.5,13802,92.3,87.8,3,1.5,-0.9,-0.8,-0.1,-0.1,93.5,-0.1,93.9,5.2,6.1,11.6,z,z,530,3.8,26,58.6,37.5,46.5,63.9,7.8,22.1,4,4,4,3,1
2023,Calendar year,Local authority,E92000001,England,E12000002,North West,353,E08000004,Oldham,16-17,6607,8.7,4.5,4.2,1.8,1.3,0.4,6643,87.9,82.6,3.6,1.7,-3,-3.1,-0.4,0.5,98.3,1.9,92.5,8.4,5.8,13.2,1.8,11.5,308,4.7,23,56.8,39.2,44.6,62.3,9.1,21.9,5,5,5,1,5
2023,Calendar year,Local authority,E92000001,England,E12000002,North West,354,E08000005,Rochdale,16-17,5742,7.2,3.8,3.4,0.4,0.4,-0.1,5777,89.8,83.7,4.7,1.4,-1.5,-2,0.4,0.1,98.2,1.4,87.6,6.5,5.3,12.9,7,12.3,281,4.9,21,57.3,41.3,43.7,60.7,9.7,22.3,5,4,5,1,5
2023,Calendar year,Local authority,E92000001,England,E12000002,North West,355,E08000006,Salford,16-17,5577,7,4.8,2.2,0.1,0.1,0,5570,89.4,80.1,6.3,3,-0.3,-0.5,0.5,-0.3,94.7,0.1,92.9,6.5,7,14.1,0.1,c,232,4.2,43.7,45.4,28.4,43.2,61,10.4,23.7,5,5,4,1,2
2023,Calendar year,Local authority,E92000001,England,E12000002,North West,343,E08000014,Sefton,16-17,5708,3.3,2.9,0.4,0.2,0.4,-0.2,5708,94.4,85.8,5.1,3.5,0.8,0.4,0.2,0.2,97,0.1,87.4,2.9,5.2,9.3,7.3,2.9,240,4.2,24.9,55,41.2,45.7,64.5,9.9,21.6,2,3,1,4,3
2023,Calendar year,Local authority,E92000001,England,E12000002,North West,342,E08000013,St. Helens,16-17,4086,5.1,4.3,0.8,0.9,0.9,0,4094,90.2,78.7,5.7,5.7,-2.1,-3.4,1.4,-0.1,95.7,0.1,96,4.8,3.8,14.4,0.2,4.2,125,3.1,27.7,49.1,40.7,45.8,63.9,10.5,24.1,4,5,2,2,3
2023,Calendar year,Local authority,E92000001,England,E12000002,North West,356,E08000007,Stockport,16-17,6474,3.3,3.1,0.2,0.5,0.5,0,6500,94.1,87.4,4.7,2,-0.3,0,-0.5,0.2,97.8,0.2,86.6,2.4,5.4,8.3,8,10,395,6.1,24.2,55.3,38.8,50.1,72.1,8.7,23.6,2,4,1,4,4
2023,Calendar year,Local authority,E92000001,England,E12000002,North West,357,E08000008,Tameside,16-17,5174,8.1,4.6,3.5,0.1,0.6,-0.5,5266,88,81.1,5.1,1.7,-1.9,-2.3,0.5,-0.1,98.1,2.4,88.9,7.5,4.7,14.7,6.4,12,242,4.7,27.2,55.6,38.7,45.2,65.2,8.9,23.7,5,5,5,1,5
2023,Calendar year,Local authority,E92000001,England,E12000002,North West,358,E08000009,Trafford,16-17,5984,4.3,1.9,2.3,0.1,0.3,-0.1,5975,93.9,89.3,3.3,1.3,-0.4,-0.2,-0.2,0,95.3,-0.6,83.7,3.6,5.3,9.2,11,6.8,79,1.3,21.2,74.7,38.2,58.1,78.1,7.4,19.4,3,2,4,4,2
2023,Calendar year,Local authority,E92000001,England,E12000002,North West,877,E06000007,Warrington,16-17,4805,2.9,2.6,0.2,0,0,0.1,4815,92.2,85.7,4.1,2.5,-1,-2.2,0.3,0.9,98.1,0.6,85.6,2.1,5.5,10.2,8.9,5.6,161,3.3,19.1,64.1,37.9,51.1,73.7,8.6,21.7,1,3,1,3,4
2023,Calendar year,Local authority,E92000001,England,E12000002,North West,359,E08000010,Wigan,16-17,7552,5,3.3,1.7,0.8,0.2,0.6,7557,91,78.2,9.1,3.7,-0.4,-2.8,1.1,1.2,94,-1.4,89,4.6,4.5,8.7,6.4,7.8,336,4.4,24.1,56.8,35,47.6,67.6,9.5,22.3,4,4,3,2,2
2023,Calendar year,Local authority,E92000001,England,E12000002,North West,344,E08000015,Wirral,16-17,7493,4.5,3.6,0.9,0.3,0.3,0,7498,92.1,85.5,5.1,1.5,-0.4,-1.6,1.4,-0.1,96.1,-0.8,83,3.5,4.4,11.2,12.6,8.7,253,3.4,29.9,57.4,39.9,48.9,65.6,9.8,23.3,3,4,2,3,3
2023,Calendar year,Regional,E92000001,England,E12000008,South East,,,,16-17,195136,6.9,2.5,4.3,1.4,0.3,1.1,195528,91.1,85.7,4.1,1.3,-0.9,-1.4,0.4,0.1,92.8,-0.4,86.6,6.1,5.1,12.5,8.3,10.8,4590,2.4,28.5,61.8,38,50.1,70.9,9,21.9,z,z,z,z,z
2023,Calendar year,Local authority,E92000001,England,E12000008,South East,867,E06000036,Bracknell Forest,16-17,2725,3.5,1.8,1.7,-0.2,0.2,-0.4,2725,94.2,86.8,5.6,1.7,-0.3,-1.1,0.5,0.3,95.9,-1.6,91.3,3.1,2.7,9,6,7.4,88,3.2,13.7,59.3,42.8,48.7,67.7,7.8,20.2,2,2,4,4,3
2023,Calendar year,Local authority,E92000001,England,E12000008,South East,846,E06000043,Brighton and Hove,16-17,5222,3.8,3.3,0.6,0,0.3,-0.2,5222,92.7,88.7,3.2,0.8,0.9,0.6,0.4,-0.1,96.1,-0.4,81.5,2.5,5,11.4,13.5,8.9,222,4.3,32.5,60,39.2,51.6,75.2,10.5,23,2,4,2,3,3
2023,Calendar year,Local authority,E92000001,England,E12000008,South East,825,E06000060,Buckinghamshire,16-17,12453,8.5,1.5,7,2.6,0.4,2.2,12469,91.9,87.1,3.5,1.3,-0.7,-1.1,0.4,0,94.6,2.3,84.8,7.1,5.9,18.6,9.3,14.8,405,3.3,31.4,74.5,37.9,57.4,79.3,8.7,19.8,5,1,5,3,2
2023,Calendar year,Local authority,E92000001,England,E12000008,South East,845,E10000011,East Sussex,16-17,11238,5.2,4.2,0.9,0.3,0.4,-0.1,11258,88.3,82.8,4.2,1.3,-0.5,-0.8,-0.2,0.4,93.6,-1.1,85.4,4.1,5,11.6,9.7,10.8,667,5.9,20.8,55.7,34.4,46.5,66.3,9.5,24.3,4,5,2,1,1
2023,Calendar year,Local authority,E92000001,England,E12000008,South East,850,E10000014,Hampshire,16-17,30096,4.8,3,1.8,0.7,0.9,-0.1,30088,91.1,84.6,5,1.5,-0.8,-1.8,0.2,0.8,97.1,0.1,83.3,3.7,5.3,9.1,11.4,10.8,368,1.2,37.1,61.6,41.3,48.9,70.1,9,22,3,4,4,2,4
2023,Calendar year,Local authority,E92000001,England,E12000008,South East,921,E06000046,Isle of Wight,16-17,2814,4.1,3.6,0.5,1.4,1.7,-0.3,2750,90.4,81.6,4.1,4.7,-1.6,-0.5,-0.3,-0.8,98.3,0.1,80.9,3.1,6.7,5.7,12.4,9.4,67,2.4,37.1,51.5,35.2,43.7,61.1,10,22.1,3,4,1,2,5
2023,Calendar year,Local authority,E92000001,England,E12000008,South East,886,E10000016,Kent,16-17,34192,5.8,3.3,2.5,0.7,0.6,0.2,34171,90.3,83.6,4.8,1.9,-1.2,-2.5,1.2,0.2,95.1,0.5,85.8,5,5.5,9.6,8.7,10.8,791,2.3,35.3,58.2,32.1,49.3,68.7,9.3,22.1,4,4,4,2,2
2023,Calendar year,Local authority,E92000001,England,E12000008,South East,887,E06000035,Medway,16-17,6811,6.1,3,3.2,-8.5,0.1,-8.6,6900,91.7,86.7,3.3,1.7,4.5,3.4,0.4,0.6,82.2,12,99.7,6.1,0.3,9.7,z,z,76,1.1,21.5,54.4,24.8,47.9,66.2,8.8,20.9,4,3,4,2,1
2023,Calendar year,Local authority,E92000001,England,E12000008,South East,826,E06000042,Milton Keynes,16-17,6654,3.3,2,1.3,-0.5,-0.4,-0.1,6678,94.4,90,3.7,0.7,0.4,1.1,0,-0.7,97.2,0.6,92.2,2.6,3.1,11.9,4.7,10,223,3.4,33.9,59.4,36.3,46.6,66.5,9.1,21.7,2,2,3,4,4
2023,Calendar year,Local authority,E92000001,England,E12000008,South East,931,E10000025,Oxfordshire,16-17,13967,4.4,1.8,2.6,0.6,0.1,0.5,13964,93.6,87,4.8,1.8,-0.6,-0.5,-0.1,0,95.3,-0.4,84.8,3.6,4.6,6.6,10.5,9.6,223,1.6,22.1,63.2,39.4,49.7,72,9.4,23,3,2,4,4,2
2023,Calendar year,Local authority,E92000001,England,E12000008,South East,851,E06000044,Portsmouth,16-17,4263,5.6,3.9,1.6,0.5,0.1,0.4,4320,90.5,86.1,3.8,0.7,-0.6,0.5,-0.2,-0.9,94.3,0.1,97.4,5.4,2.4,11.3,0.2,28.6,66,1.5,21.7,48.1,36.4,43.4,61.2,10.2,24.5,4,4,3,2,2
2023,Calendar year,Local authority,E92000001,England,E12000008,South East,870,E06000038,Reading,16-17,3410,3.1,2.8,0.4,0.6,0.7,-0.1,3470,92.1,85.9,3.9,2.4,-0.5,-0.8,0.4,0,96.2,1.1,86.8,2.6,5.1,8.7,8,5.6,94,2.8,24.7,61.8,40.7,52,67.2,8.3,20,2,3,1,3,3
2023,Calendar year,Local authority,E92000001,England,E12000008,South East,871,E06000039,Slough,16-17,4435,4.9,2.6,2.2,1.6,0.4,1.2,4434,93.8,91.2,1.6,0.9,-0.5,-0.2,-0.3,-0.1,91.4,-1.9,87.6,3.8,3.9,11.6,8.5,13,63,1.4,22.9,70.7,41.3,56,77.2,7.6,18.5,3,3,4,4,1
2023,Calendar year,Local authority,E92000001,England,E12000008,South East,852,E06000045,Southampton,16-17,4959,7.3,4.1,3.2,1.3,0.3,1,4957,88.6,83.8,3.5,1.3,-0.6,0.3,0.1,-1,93.3,-2.4,82.8,5.9,4.6,9.9,12.6,15.6,63,1.3,28.6,51.2,39.7,46.1,61.9,9.9,24.6,5,4,4,1,1
2023,Calendar year,Local authority,E92000001,England,E12000008,South East,936,E10000030,Surrey,16-17,24436,15.2,0.9,14.3,7.3,-0.3,7.5,24673,90.7,85.2,5,0.5,-1.8,-3,1.7,-0.5,85.9,-1.6,92.1,14.7,7.9,20.7,0,c,407,1.7,34.1,66.3,42.3,52.9,76,8.4,21.3,5,1,5,2,1
2023,Calendar year,Local authority,E92000001,England,E12000008,South East,869,E06000037,West Berkshire,16-17,3477,2.5,1.9,0.6,0.4,0.2,0.2,3470,91.3,84.4,4.8,2,-2.2,-1.7,-0.1,-0.4,97.9,-0.4,80.9,1.8,4.6,8.8,14.6,4.3,154,4.4,23.6,64.9,39.7,52.2,74.2,8.4,22.7,1,2,2,2,4
2023,Calendar year,Local authority,E92000001,England,E12000008,South East,938,E10000032,West Sussex,16-17,16925,9.5,2,7.5,3.5,-0.1,3.5,16926,88.8,87,1.4,0.4,-3.5,-2.9,-0.6,0,84.1,-8.6,82.9,9,3.9,11.5,13.2,11.6,560,3.3,19.4,60.9,42.2,49.1,69.6,8.6,21.2,5,2,5,1,1
2023,Calendar year,Local authority,E92000001,England,E12000008,South East,868,E06000040,Windsor and Maidenhead,16-17,3105,5.4,1.1,4.3,-5.4,0.5,-5.9,3096,94.3,90.7,3.3,0.4,3.6,3.8,0,-0.2,92.8,11,84.8,4.7,4,11,11.2,9,16,0.5,29.8,74.4,49,51.2,76.2,8.3,21,4,1,5,4,1
2023,Calendar year,Local authority,E92000001,England,E12000008,South East,872,E06000041,Wokingham,16-17,3954,4.1,2,2.2,1.3,0.3,1.1,3957,94.8,90.9,2.9,1,-1.5,-1.7,0,0.2,94.7,-1.6,91.5,3.4,4,13.6,4.5,9.7,41,1,40.3,70.4,44.9,54.8,79,8,20.3,3,2,4,4,2
2023,Calendar year,Regional,E92000001,England,E12000009,South West,,,,16-17,116788,5.8,3.2,2.6,0.6,0.3,0.3,117019,90.5,82.8,6,1.8,-1,-1.5,0.4,0.1,94.3,-0.5,84.9,4.9,5.9,10.7,9.2,11.2,3200,2.7,22.9,59.9,36.6,48.8,69.3,9.8,22.4,z,z,z,z,z
2023,Calendar year,Local authority,E92000001,England,E12000009,South West,800,E06000022,Bath and North East Somerset,16-17,3435,6.9,1.5,5.4,1.1,-0.1,1.2,3441,93.5,89.5,3.5,0.5,0.1,-0.2,0.5,-0.3,95.1,-0.6,89.4,5.9,5.6,10,5,21.5,98,2.8,21.2,60.4,39.8,52.2,75.1,9.2,22.5,5,1,5,3,2
2023,Calendar year,Local authority,E92000001,England,E12000009,South West,801,E06000023,"Bristol, City of",16-17,9007,5,3.4,1.6,-1,-0.9,-0.2,9071,92,86.8,4.2,1,1.2,0.4,0.2,0.7,94.1,1.7,85.8,4.5,14.2,8.1,z,z,283,3.1,22.1,55.3,32.3,48.2,66.7,10.4,23,3,4,3,3,2
2023,Calendar year,Local authority,E92000001,England,E12000009,South West,908,E06000052,Cornwall,16-17,12061,7.8,4.4,3.4,2.4,1.2,1.2,12061,88.3,79.3,7,2,-2.7,-2.8,0.2,-0.1,94.9,-1.2,83.4,6.5,4.4,11.2,12.2,15.5,210,1.7,30,61.1,40.3,46.9,65.2,10.2,21.6,5,5,5,1,2
2023,Calendar year,Local authority,E92000001,England,E12000009,South West,878,E10000008,Devon,16-17,16404,6.4,3.7,2.7,1.4,0.3,1.1,16406,90.2,80.2,8.1,1.9,-1,-2.5,1.3,0.1,94.4,-1.4,81.2,5.1,7,14.8,11.8,10,561,3.4,19.4,58.2,36.4,48.2,70,10.6,23,4,4,4,1,2
2023,Calendar year,Local authority,E92000001,England,E12000009,South West,838,E06000059,Dorset,16-17,7384,3.8,3.2,0.7,-0.4,0.5,-0.8,7382,90.6,82.7,6.3,1.5,-0.9,-0.9,0.1,-0.1,94.6,1.7,84.1,2.9,6.2,8.6,9.7,9.1,170,2.3,28,61.5,35.9,47.9,68.5,9.7,22.5,2,4,2,2,2
2023,Calendar year,Local authority,E92000001,England,E12000009,South West,916,E10000013,Gloucestershire,16-17,13340,3.3,2.4,0.9,0.1,0.2,-0.1,13384,90.6,83.6,4.5,2.5,-1.1,-1.8,0.4,0.2,97.3,-0.3,95.6,3,1.7,14.3,2.7,7.5,519,3.9,21.8,64.1,38.5,52.6,73.8,8.8,22.3,2,3,2,2,4
2023,Calendar year,Local authority,E92000001,England,E12000009,South West,802,E06000024,North Somerset,16-17,4761,6.2,2.9,3.4,1.1,0.1,0.9,4767,92.1,86.3,3.9,1.8,-1.3,-1.8,0.1,0.4,87.5,-1.7,88.5,5.9,4.5,11.6,7,7.1,138,2.9,30.6,63.7,39.1,49,69.4,10,22.3,4,3,4,3,1
2023,Calendar year,Local authority,E92000001,England,E12000009,South West,879,E06000026,Plymouth,16-17,5642,6.6,4.4,2.2,0.2,0.1,0,5646,90.3,77.6,10.6,2.1,-0.8,-0.8,-0.6,0.5,95,-1.1,80.9,5.8,5.7,12.9,13.4,8.4,181,3.2,25.5,51.3,34.9,47.5,66.5,10.8,22.6,4,5,4,2,2
2023,Calendar year,Local authority,E92000001,England,E12000009,South West,933,E10000027,Somerset,16-17,11864,9,3.6,5.4,1.1,0.7,0.5,11862,88.6,80.5,6.3,1.8,-1.6,-2.1,0.1,0.3,89.4,-4.7,82.2,7.5,5.2,20.2,12.5,14.3,161,1.4,43.9,59.4,36.2,45.6,65.2,10.1,23.2,5,4,5,1,1
2023,Calendar year,Local authority,E92000001,England,E12000009,South West,803,E06000025,South Gloucestershire,16-17,6089,6.8,2,4.8,0.7,-0.1,0.8,6210,92.9,81.7,9.1,2.1,-1,-2,2.1,-1.1,96.2,0.4,82.7,5.5,3.5,6.1,13.8,14.6,6,0.1,50,55.3,38.1,47.7,68.5,9.1,22.2,5,2,5,3,3
2023,Calendar year,Local authority,E92000001,England,E12000009,South West,866,E06000030,Swindon,16-17,5488,6.2,1.8,4.4,-0.3,0.2,-0.5,5460,89.5,85.6,2.5,1.4,-2.6,-1.5,-1.2,0.1,95.8,6.2,85.1,5.8,4.7,3,10.2,11.3,149,2.7,23,55.7,42.7,46.6,65.5,9.2,22.9,4,2,5,1,3
2023,Calendar year,Local authority,E92000001,England,E12000009,South West,880,E06000027,Torbay,16-17,3055,7.4,4.4,3,2,1.2,0.9,3052,89.5,83.6,4.6,1.4,-1.9,-0.5,0,-1.4,95.2,-1.5,79.5,5.8,7.7,11.8,12.8,14.2,71,2.3,27.8,57.5,29.2,48.7,66.3,11.3,23.1,5,5,4,1,2
2023,Calendar year,Local authority,E92000001,England,E12000009,South West,865,E06000054,Wiltshire,16-17,10309,4.1,2.6,1.4,-0.2,0.5,-0.7,10316,91.6,87.7,3.4,0.5,-0.9,-1.4,0.7,-0.2,95.1,0.3,89.9,3.8,6.9,5.5,3.3,7.2,170,1.7,18,63,33.5,49.3,69.8,9.3,21.3,3,3,3,2,2
2023,Calendar year,Local authority,E92000001,England,E12000009,South West,839,E06000058,"Bournemouth, Christchurch and Poole",16-17,7923,3.4,3,0.5,-0.5,-0.4,-0.1,7936,90.8,81.7,6.2,2.9,0.8,0,0.5,0.3,93.9,-0.7,77.1,2.6,5.8,7.3,17.1,6.2,485,6.1,14.4,63.5,34.3,52.7,76.4,9.2,22,2,3,1,2,2
2023,Calendar year,Regional,E92000001,England,E12000005,West Midlands,,,,16-17,139447,5.2,2.6,2.6,0.2,0.3,-0.1,139795,92.5,86.1,4.6,1.9,-0.7,-0.7,0.2,-0.2,96.1,-0.2,88.4,4.5,4.3,9.7,7.3,11.3,2760,2,22.4,58.3,35.3,47.6,66.6,9.2,21.6,z,z,z,z,z
2023,Calendar year,Local authority,E92000001,England,E12000005,West Midlands,330,E08000025,Birmingham,16-17,32125,6,2.6,3.4,-0.6,0.1,-0.7,32206,93.5,88.9,3.1,1.5,0.6,0.7,0,-0.1,95.3,1.1,83.3,5.1,4,7.1,12.7,11.2,82,0.3,32.5,62.5,38.1,48.5,68,8.6,21.1,4,3,5,3,2
2023,Calendar year,Local authority,E92000001,England,E12000005,West Midlands,331,E08000026,Coventry,16-17,8077,3.5,2.2,1.3,-0.3,0.1,-0.5,8104,93.2,87.3,4.3,1.6,-1,-1.8,0.7,0.1,98.6,0,92.5,3.1,4.2,9.6,3.2,7,271,3.4,11.7,57.7,30.8,46.2,65.1,9.2,22.7,2,2,3,3,5
2023,Calendar year,Local authority,E92000001,England,E12000005,West Midlands,332,E08000027,Dudley,16-17,7684,7.4,2.8,4.7,-1.2,0.8,-2,7681,90.8,82.5,5.9,2.4,-2.7,-2.9,-0.2,0.4,89.5,0.8,85.9,6.5,4.5,14.8,9.6,12.3,229,3,32,55,30.8,46.5,65.4,9.5,21.3,5,3,5,2,1
2023,Calendar year,Local authority,E92000001,England,E12000005,West Midlands,333,E08000028,Sandwell,16-17,9404,1.9,1.3,0.6,-0.2,-0.1,-0.1,9437,95.9,90.5,2.7,2.7,0.4,0.8,-0.2,-0.2,99.5,0,92.7,1.5,3.2,7.5,4.2,6.6,201,2.1,14.4,52.2,31.4,45.7,61.3,8.5,21.6,1,1,2,5,5
2023,Calendar year,Local authority,E92000001,England,E12000005,West Midlands,893,E06000051,Shropshire,16-17,5924,7.9,2.3,5.6,2,0.7,1.4,5922,89.6,84.5,4.6,0.5,-2.9,-3.6,1,-0.4,97,-2.3,91.5,7.1,3.4,13.8,5.1,18.5,41,0.7,29,60.6,37.7,47.2,67.5,9.9,21.4,5,3,5,1,3
2023,Calendar year,Local authority,E92000001,England,E12000005,West Midlands,334,E08000029,Solihull,16-17,5184,4.9,3.9,1,1,0.7,0.3,5265,94.3,86.7,4.7,3,-0.7,-0.7,0.2,-0.2,97.3,-0.6,85.1,3.9,5.3,12.6,9.7,9.9,172,3.3,39.8,61.7,40.6,49.9,71.3,9.3,21.5,3,4,3,4,4
2023,Calendar year,Local authority,E92000001,England,E12000005,West Midlands,860,E10000028,Staffordshire,16-17,18090,5,3,2.1,1.7,1.2,0.5,18082,91.4,83.1,6.2,2.2,-2.4,-2.7,0.2,0.1,97.6,-0.9,90.7,4.4,5.3,11.6,4.1,10.2,277,1.5,36.2,57.7,37.3,47.3,67,9.2,20.9,4,3,4,2,4
2023,Calendar year,Local authority,E92000001,England,E12000005,West Midlands,861,E06000021,Stoke-on-Trent,16-17,6223,10.9,4.1,6.7,0.4,0.5,-0.1,6226,84.7,74.6,6.5,3.6,0.2,2.1,0.1,-1.9,91.5,-1.7,83.7,9.9,5.7,12,10.7,18.1,281,4.5,31.6,50.6,29.3,43.5,59.5,10,22.1,5,5,5,1,1
2023,Calendar year,Local authority,E92000001,England,E12000005,West Midlands,894,E06000020,Telford and Wrekin,16-17,4342,3.1,2.3,0.9,-1.3,-0.5,-0.8,4341,91.3,86.4,3.9,1.1,0.4,0.9,-0.6,0.1,95.9,0.2,92.9,3,6,6.2,1.1,1.4,26,0.6,32.1,59.6,32,47.3,62.7,9.2,21.8,1,2,2,2,3
2023,Calendar year,Local authority,E92000001,England,E12000005,West Midlands,335,E08000030,Walsall,16-17,7447,3.4,1.7,1.7,0.6,0.5,0.2,7517,94.9,88.6,3.4,3,-0.6,-0.3,-0.1,-0.1,98.9,0,94.8,3.2,3.4,6.5,1.8,5.1,284,3.8,7.7,53.3,31.9,46.4,63.2,9.5,21.6,2,2,3,4,5
2023,Calendar year,Local authority,E92000001,England,E12000005,West Midlands,937,E10000031,Warwickshire,16-17,11977,3.3,1.7,1.6,-0.1,0,-0.1,12020,94.5,88.4,5.2,1,-0.4,-1,0.9,-0.3,98.1,-0.6,94.8,3.1,2.8,3.5,2.4,10.3,538,4.5,14.4,62.3,35.9,50.2,70.5,10,23.6,2,1,3,4,4
2023,Calendar year,Local authority,E92000001,England,E12000005,West Midlands,336,E08000031,Wolverhampton,16-17,6427,3.1,1.8,1.3,0.3,0.1,0.3,6449,95.8,90.2,2.8,2.8,-0.4,0,-0.1,-0.3,99.2,0.2,94.5,2.5,4.4,14.3,1.1,12,128,2,19.5,53,33.2,48,64.9,8,20.4,1,2,3,5,5
2023,Calendar year,Local authority,E92000001,England,E12000005,West Midlands,885,E10000034,Worcestershire,16-17,12848,6.5,3.4,3.1,0.9,0.4,0.5,12859,90.8,82.5,6.9,1.4,-1.2,-1.4,0.4,-0.2,90.9,-2.4,83.6,5.5,4.7,10.6,11.7,12.2,184,1.4,24.3,57.9,36.2,47.7,68.2,9.3,21.5,4,4,4,2,1
2023,Calendar year,Local authority,E92000001,England,E12000005,West Midlands,884,E06000019,"Herefordshire, County of",16-17,3695,4.3,3.2,1.2,0,-0.4,0.4,3686,90.1,83.4,5.9,0.8,-0.3,-0.4,0.4,-0.3,98.5,1.6,81.3,3.5,4.3,9.6,14.3,7.4,50,1.3,24.8,54.7,40.1,46.7,67.4,9.2,20.8,3,4,3,1,5
2023,Calendar year,Regional,E92000001,England,E12000003,Yorkshire and The Humber,,,,16-17,124969,6.5,3.3,3.2,1.1,0.4,0.8,125356,91,82,6.2,2.7,-0.9,-1.3,0.1,0.2,94.9,-0.4,87,5.7,4.6,11.1,8.4,11.5,4190,3.4,24.9,55.6,34.6,46.9,66.6,9.7,23.1,z,z,z,z,z
2023,Calendar year,Local authority,E92000001,England,E12000003,Yorkshire and The Humber,370,E08000016,Barnsley,16-17,5428,4.1,2.6,1.4,-1.4,0,-1.3,5540,92.6,82,7.5,3.1,0,-1.6,2.4,-0.7,100,0.1,83.8,3.5,6.7,5.8,9.5,8.2,84,1.5,18.7,52.8,31.4,45.2,63.2,10,23,3,3,3,3,5
2023,Calendar year,Local authority,E92000001,England,E12000003,Yorkshire and The Humber,380,E08000032,Bradford,16-17,14782,6.8,2.1,4.7,0.9,-0.8,1.7,14938,91.9,85.7,4.1,2.1,-0.5,0.8,-1,-0.3,93.3,0.3,83.6,5.8,4.7,12.5,11.7,11.5,424,2.9,27.7,52.1,37.3,43.8,59.9,11.6,24.8,5,2,5,2,1
2023,Calendar year,Local authority,E92000001,England,E12000003,Yorkshire and The Humber,381,E08000033,Calderdale,16-17,5308,4.4,3.8,0.5,0.7,1,-0.3,5330,90.7,82.5,7.7,0.6,-1.1,-2,0.7,0.2,95.4,-0.7,84.1,4.1,4,6.2,11.9,5.9,512,9.6,21.4,58.8,37.9,48.1,69.6,9,21.4,3,4,2,2,2
2023,Calendar year,Local authority,E92000001,England,E12000003,Yorkshire and The Humber,371,E08000017,Doncaster,16-17,7192,4.3,3.3,1,-0.5,0,-0.4,7201,92.8,77.3,8.4,7.1,-0.5,-0.4,0.1,-0.2,97.7,-0.8,85.1,4.1,4.5,3.9,10.3,6.9,166,2.3,38.2,47.9,31.7,45.1,65,10.4,24.1,3,4,3,3,4
2023,Calendar year,Local authority,E92000001,England,E12000003,Yorkshire and The Humber,811,E06000011,East Riding of Yorkshire,16-17,6985,2.9,2.3,0.6,-0.4,-0.2,-0.1,6981,92,80.7,8.5,2.9,-1.4,-1.6,-0.3,0.5,95.7,0,85,2.3,5.1,6.7,9.9,5.9,144,2.1,15.3,57.9,42.5,47.4,69.3,9.1,20.7,1,3,2,3,3
2023,Calendar year,Local authority,E92000001,England,E12000003,Yorkshire and The Humber,810,E06000010,"Kingston upon Hull, City of",16-17,6305,6.7,6.2,0.5,1.1,1.1,0,6311,85.5,73.5,9.8,2.2,-1.3,-1.1,0.5,-0.7,96.4,-1.1,80.7,5.2,5.1,13.1,14.3,13.1,632,10,30,45.9,28.2,44.3,59.8,10,23,5,5,1,1,3
2023,Calendar year,Local authority,E92000001,England,E12000003,Yorkshire and The Humber,382,E08000034,Kirklees,16-17,11054,3.3,2.5,0.8,0,0.1,-0.1,11069,91.9,84.6,6.3,0.9,-1.1,-0.1,-1.1,0.1,96.6,-0.3,88.7,2.8,4.4,8,6.9,6.9,605,5.5,19.7,60,33.8,48.2,68,8.6,21.3,2,3,2,3,3
2023,Calendar year,Local authority,E92000001,England,E12000003,Yorkshire and The Humber,383,E08000035,Leeds,16-17,17897,9.2,3.9,5.3,1.4,1.4,0,17990,87.8,80.3,4.9,2.6,-2.6,-2.8,0.1,0.1,93.7,0.5,82.9,7.8,4,13.8,13.1,16.3,432,2.4,30.2,54.7,34.2,47.8,68.3,9.2,24.5,5,4,5,1,1
2023,Calendar year,Local authority,E92000001,England,E12000003,Yorkshire and The Humber,812,E06000012,North East Lincolnshire,16-17,3882,7.7,7.2,0.5,1.4,1.4,0,3884,86.9,76.2,7.2,3.5,-2.6,-4.2,0.7,1,93.8,-1.6,81.2,5.9,5.2,13.2,13.6,16.2,167,4.3,30.6,51.9,40,41.8,58.3,9.9,22.1,5,5,1,1,1
2023,Calendar year,Local authority,E92000001,England,E12000003,Yorkshire and The Humber,813,E06000013,North Lincolnshire,16-17,4183,7.9,2.4,5.5,1.5,-0.4,1.9,4060,91.9,84.2,7,0.7,-0.6,-1.7,1.3,-0.2,86.2,-6.4,80.7,6.8,5.1,9.6,14.2,13.7,57,1.4,18.2,49.8,36.5,45.7,66.5,9.9,21.9,5,3,5,3,1
2023,Calendar year,Local authority,E92000001,England,E12000003,Yorkshire and The Humber,815,E10000023,North Yorkshire,16-17,11762,9.7,1.9,7.7,4.9,0.3,4.7,11768,96,88,5.1,2.9,0.7,-0.9,0.5,1.1,97.1,0.6,96.3,9.2,3.5,23.1,0.1,4.5,93,0.8,40.5,64.7,37.5,50.3,72.6,9.4,21.9,5,2,5,5,4
2023,Calendar year,Local authority,E92000001,England,E12000003,Yorkshire and The Humber,372,E08000018,Rotherham,16-17,6371,7.2,4.9,2.3,2.3,1.3,1,6399,89.1,80.3,5.1,3.7,-0.7,0,-0.3,-0.4,95.5,-1.5,84.3,6.4,6,12,9.8,10.9,121,1.9,21.8,50.9,32,46.8,65.8,9.7,22.3,5,5,4,1,2
2023,Calendar year,Local authority,E92000001,England,E12000003,Yorkshire and The Humber,373,E08000019,Sheffield,16-17,12333,8.5,4.5,4,1.6,0.5,1.1,12397,88.9,79.9,5.4,3.6,-1.8,-2.3,-0.6,1.1,89.6,-1.5,94,8.2,5,11.4,1,23.9,204,1.7,30.7,58.2,32.5,46.1,65.2,9.3,23.9,5,5,5,1,1
2023,Calendar year,Local authority,E92000001,England,E12000003,Yorkshire and The Humber,384,E08000036,Wakefield,16-17,7771,3.5,2.6,0.9,-0.8,-0.2,-0.6,7775,92.2,82.4,7.5,2.3,0.9,-2.4,2.8,0.5,98.3,0.1,95.7,3.2,3.5,10.8,0.8,7.1,509,6.5,14.4,51.8,30.3,47.5,69.1,9.2,22.7,2,3,2,3,5
2023,Calendar year,Local authority,E92000001,England,E12000003,Yorkshire and The Humber,816,E06000014,York,16-17,3715,4.1,0.7,3.4,1.9,-0.5,2.4,3713,96,86.7,6.5,2.9,0.7,-0.4,-0.7,1.8,97.3,0.6,89.5,3.7,3.8,4.9,6.6,8.6,41,1.1,34.1,66,32.6,53,75.5,9.4,24.1,3,1,5,5,4
